timestampThrottle,Steer,QuickTurn,Incrementer,Mag1,Mag2
86263.963,-0.00,0.00,false,1,true,true
86481.15699999999,-0.00,0.00,false,2,true,true
86500.243,-0.00,0.00,false,3,true,true
86521.349,-0.00,0.00,false,4,true,true
86541.31099999999,-0.00,0.00,false,5,true,true
86561.442,-0.00,0.00,false,6,true,true
86581.06,-0.00,0.00,false,7,true,true
86600.95300000001,-0.00,0.00,false,8,true,true
86621.899,-0.00,0.00,false,9,true,true
86641.293,-0.00,0.00,false,10,true,true
86660.926,-0.00,0.00,false,11,true,true
86681.608,-0.00,0.00,false,12,true,true
86701.974,-0.00,0.00,false,13,true,true
86721.189,-0.00,0.00,false,14,true,true
86740.59,-0.00,0.00,false,15,true,true
86761.08600000001,-0.00,0.00,false,16,true,true
86781.674,-0.00,0.00,false,17,true,true
86800.913,-0.00,0.00,false,18,true,true
86821.189,-0.00,0.00,false,19,true,true
86841.266,-0.00,0.00,false,20,true,true
86861.222,-0.00,0.00,false,21,true,true
86881.25200000001,-0.00,0.00,false,22,true,true
86901.3,-0.00,0.00,false,23,true,true
86920.924,-0.00,0.00,false,24,true,true
86941.736,-0.00,0.00,false,25,true,true
86960.883,-0.00,0.00,false,26,true,true
86981.306,-0.00,0.00,false,27,true,true
87000.805,-0.00,0.00,false,28,true,true
87021.397,-0.00,0.00,false,29,true,true
87040.56300000001,-0.00,0.00,false,30,true,true
87061.279,-0.00,0.00,false,31,true,true
87081.188,-0.00,0.00,false,32,true,true
87101.026,-0.00,0.00,false,33,true,true
87120.686,-0.00,0.00,false,34,true,true
87141.667,-0.00,0.00,false,35,true,true
87161.631,-0.00,0.00,false,36,true,true
87201.44600000001,-0.00,0.00,false,37,true,true
87220.67199999999,-0.00,0.00,false,38,true,true
87241.523,-0.00,0.00,false,39,true,true
87261.237,-0.00,0.00,false,40,true,true
87280.354,-0.00,0.00,false,41,true,true
87301.073,-0.00,0.00,false,42,true,true
87321.207,-0.00,0.00,false,43,true,true
87341.197,-0.00,0.00,false,44,true,true
87361.167,-0.00,0.00,false,45,true,true
87381.25700000001,-0.00,0.00,false,46,true,true
87400.458,-0.00,0.00,false,47,true,true
87420.639,-0.00,0.00,false,48,true,true
87440.932,-0.00,0.00,false,49,true,true
87461.237,-0.00,0.00,false,50,true,true
87480.96800000001,-0.00,0.00,false,51,true,true
87501.402,-0.00,0.00,false,52,true,true
87521.21699999999,-0.00,0.00,false,53,true,true
87540.53199999999,-0.00,0.00,false,54,true,true
87561.34199999999,-0.00,0.00,false,55,true,true
87581.363,-0.00,0.00,false,56,true,true
87600.917,-0.00,0.00,false,57,true,true
87621.437,-0.00,0.00,false,58,true,true
87641.45999999999,-0.00,0.00,false,59,true,true
87661.34300000001,-0.00,0.00,false,60,true,true
87680.52900000001,-0.00,0.00,false,61,true,true
87701.484,-0.00,0.00,false,62,true,true
87721.602,-0.00,0.00,false,63,true,true
87741.714,-0.00,0.00,false,64,true,true
87761.17700000001,-0.00,0.00,false,65,true,true
87781.12400000001,-0.00,0.00,false,66,true,true
87801.246,-0.00,0.00,false,67,true,true
87821.362,-0.00,0.00,false,68,true,true
87840.517,-0.00,0.00,false,69,true,true
87861.27399999999,-0.00,0.00,false,70,true,true
87880.371,-0.00,0.00,false,71,true,true
87900.72600000001,-0.00,0.00,false,72,true,true
87921.479,-0.00,0.00,false,73,true,true
87940.762,-0.00,0.00,false,74,true,true
87961.505,-0.00,0.00,false,75,true,true
87980.851,-0.00,0.00,false,76,true,true
88001.562,-0.00,0.00,false,77,true,true
88021.433,-0.00,0.00,false,78,true,true
88040.742,-0.00,0.00,false,79,true,true
88061.493,-0.00,0.00,false,80,true,true
88080.573,-0.00,0.00,false,81,true,true
88101.342,-0.00,0.00,false,82,true,true
88121.444,-0.00,0.00,false,83,true,true
88140.561,-0.00,0.00,false,84,true,true
88161.571,-0.00,0.00,false,85,true,true
88181.6,-0.00,0.00,false,86,true,true
88201.14499999999,-0.00,0.00,false,87,true,true
88220.83600000001,-0.00,0.00,false,88,true,true
88241.338,-0.00,0.00,false,89,true,true
88260.603,-0.00,0.00,false,90,true,true
88280.847,-0.00,0.00,false,91,true,true
88301.73700000001,-0.00,0.00,false,92,true,true
88321.235,-0.00,0.00,false,93,true,true
88341.172,-0.00,0.00,false,94,true,true
88360.64899999999,-0.00,0.00,false,95,true,true
88381.22300000001,-0.00,0.00,false,96,true,true
88400.46100000001,-0.00,0.00,false,97,true,true
88421.30799999999,-0.00,0.00,false,98,true,true
88441.452,-0.00,0.00,false,99,true,true
88461.285,-0.00,0.00,false,100,true,true
88481.177,-0.00,0.00,false,101,true,true
88501.06700000001,-0.00,0.00,false,102,true,true
88520.353,-0.00,0.00,false,103,true,true
88541.027,-0.00,0.00,false,104,true,true
88560.572,-0.00,0.00,false,105,true,true
88581.501,-0.00,0.00,false,106,true,true
88601.02500000001,-0.00,0.00,false,107,true,true
88621.121,-0.00,0.00,false,108,true,true
88640.98,-0.00,0.00,false,109,true,true
88681.629,-0.00,0.00,false,110,true,true
88701.119,-0.00,0.00,false,111,true,true
88720.811,-0.00,0.00,false,112,true,true
88741.807,-0.00,0.00,false,113,true,true
88760.979,-0.00,0.00,false,114,true,true
88781.656,-0.00,0.00,false,115,true,true
88801.283,-0.00,0.00,false,116,true,true
88820.86099999999,-0.00,0.00,false,117,true,true
88841.849,-0.00,0.00,false,118,true,true
88861.678,-0.00,0.00,false,119,true,true
88880.792,-0.00,0.00,false,120,true,true
88901.476,-0.00,0.00,false,121,true,true
88921.257,-0.00,0.00,false,122,true,true
88941.181,-0.00,0.00,false,123,true,true
88960.591,-0.00,0.00,false,124,true,true
88981.659,-0.00,0.00,false,125,true,true
89001.838,-0.00,0.00,false,126,true,true
89021.246,-0.00,0.00,false,127,true,true
89041.284,-0.00,0.00,false,128,true,true
89060.56599999999,-0.00,0.00,false,129,true,true
89080.95,-0.00,0.00,false,130,true,true
89101.022,-0.00,0.00,false,131,true,true
89121.144,-0.00,0.00,false,132,true,true
89140.919,-0.00,0.00,false,133,true,true
89161.589,-0.00,0.00,false,134,true,true
89180.642,-0.00,0.00,false,135,true,true
89201.22899999999,-0.00,0.00,false,136,true,true
89220.66200000001,-0.00,0.00,false,137,true,true
89241.595,-0.00,0.00,false,138,true,true
89261.257,-0.00,0.00,false,139,true,true
89281.275,-0.00,0.00,false,140,true,true
89300.73899999999,-0.00,0.00,false,141,true,true
89321.27,-0.00,0.00,false,142,true,true
89341.39899999999,-0.00,0.00,false,143,true,true
89361.378,-0.00,0.00,false,144,true,true
89381.459,-0.00,0.00,false,145,true,true
89400.835,-0.00,0.00,false,146,true,true
89421.72600000001,-0.00,0.00,false,147,true,true
89441.825,-0.00,0.00,false,148,true,true
89461.08099999999,-0.00,0.00,false,149,true,true
89480.746,-0.00,0.00,false,150,true,true
89521.101,-0.00,0.00,false,151,true,true
89540.92599999999,-0.00,0.00,false,152,true,true
89561.83,-0.00,0.00,false,153,true,true
89601.444,-0.00,0.00,false,154,true,true
89620.686,-0.00,0.00,false,155,true,true
89641.285,-0.00,0.00,false,156,true,true
89660.70499999999,-0.00,0.00,false,157,true,true
89680.92199999999,-0.00,0.00,false,158,true,true
89701.375,-0.00,0.00,false,159,true,true
89720.803,-0.00,0.00,false,160,true,true
89741.189,-0.00,0.00,false,161,true,true
89760.415,-0.00,0.00,false,162,true,true
89780.47200000001,-0.00,0.00,false,163,true,true
89801.48800000001,-0.00,0.00,false,164,true,true
89821.536,-0.00,0.00,false,165,true,true
89841.397,-0.00,0.00,false,166,true,true
89861.459,-0.00,0.00,false,167,true,true
89901.192,-0.00,0.00,false,168,true,true
89921.02,-0.00,0.00,false,169,true,true
89941.221,-0.00,0.00,false,170,true,true
89960.831,-0.00,0.00,false,171,true,true
89981.889,-0.00,0.00,false,172,true,true
90001.596,-0.00,0.00,false,173,true,true
90021.654,-0.00,0.00,false,174,true,true
90041.03600000001,-0.00,0.00,false,175,true,true
90060.17,-0.00,0.00,false,176,true,true
90080.225,-0.00,0.00,false,177,true,true
90100.96900000001,-0.00,0.00,false,178,true,true
90121.379,-0.00,0.00,false,179,true,true
90140.754,-0.00,0.00,false,180,true,true
90161.523,-0.00,0.00,false,181,true,true
90181.312,-0.00,0.00,false,182,true,true
90200.712,-0.00,0.00,false,183,true,true
90221.239,-0.00,0.00,false,184,true,true
90240.843,-0.00,0.00,false,185,true,true
90260.903,-0.00,0.00,false,186,true,true
90281.462,-0.00,0.00,false,187,true,true
90301.615,-0.00,0.00,false,188,true,true
90341.207,-0.00,0.00,false,189,true,true
90361.254,-0.00,0.00,false,190,true,true
90380.437,-0.00,0.00,false,191,true,true
90400.799,-0.00,0.00,false,192,true,true
90421.486,-0.00,0.00,false,193,true,true
90440.74399999999,-0.00,0.00,false,194,true,true
90461.152,-0.00,0.00,false,195,true,true
90481.179,-0.00,0.00,false,196,true,true
90500.325,-0.00,0.00,false,197,true,true
90520.803,-0.00,0.00,false,198,true,true
90540.942,-0.00,0.00,false,199,true,true
90561.56300000001,-0.00,0.00,false,200,true,true
90580.659,-0.00,0.00,false,201,true,true
90601.461,-0.00,0.00,false,202,true,true
90621.218,-0.00,0.00,false,203,true,true
90640.338,-0.00,0.00,false,204,true,true
90661.14199999999,-0.00,0.00,false,205,true,true
90680.465,-0.00,0.00,false,206,true,true
90700.833,-0.00,0.00,false,207,true,true
90721.052,-0.00,0.00,false,208,true,true
90740.44,-0.00,0.00,false,209,true,true
90760.603,-0.00,0.00,false,210,true,true
90781.538,-0.00,0.00,false,211,true,true
90800.827,-0.00,0.00,false,212,true,true
90821.35800000001,-0.00,0.00,false,213,true,true
90840.951,-0.00,0.00,false,214,true,true
90861.30099999999,-0.00,0.00,false,215,true,true
90881.369,-0.00,0.00,false,216,true,true
90901.126,-0.00,0.00,false,217,true,true
90920.42700000001,-0.00,0.00,false,218,true,true
90941.388,-0.00,0.00,false,219,true,true
90960.592,-0.00,0.00,false,220,true,true
90981.50099999999,-0.00,0.00,false,221,true,true
91000.605,-0.00,0.00,false,222,true,true
91021.299,-0.00,0.00,false,223,true,true
91040.515,-0.00,0.00,false,224,true,true
91061.245,-0.00,0.00,false,225,true,true
91080.48300000001,-0.00,0.00,false,226,true,true
91101.524,-0.00,0.00,false,227,true,true
91120.745,-0.00,0.00,false,228,true,true
91141.079,-0.00,0.00,false,229,true,true
91161.16200000001,-0.00,0.00,false,230,true,true
91181.137,-0.00,0.00,false,231,true,true
91200.268,-0.00,0.00,false,232,true,true
91220.425,-0.00,0.00,false,233,true,true
91241.33899999999,-0.00,0.00,false,234,true,true
91261.033,-0.00,0.00,false,235,true,true
91280.568,-0.00,0.00,false,236,true,true
91301.231,-0.00,0.00,false,237,true,true
91320.9,-0.00,0.00,false,238,true,true
91341.64300000001,-0.00,0.00,false,239,true,true
91361.349,-0.00,0.00,false,240,true,true
91380.56199999999,-0.00,0.00,false,241,true,true
91401.5,-0.00,0.00,false,242,true,true
91421.099,-0.00,0.00,false,243,true,true
91440.39,-0.00,0.00,false,244,true,true
91461.432,-0.00,0.00,false,245,true,true
91481.275,-0.00,0.00,false,246,true,true
91500.72,-0.00,0.00,false,247,true,true
91521.754,-0.00,0.00,false,248,true,true
91541.879,-0.00,0.00,false,249,true,true
91561.82699999999,-0.00,0.00,false,250,true,true
91581.36,-0.00,0.00,false,251,true,true
91600.513,-0.00,0.00,false,252,true,true
91620.825,-0.00,0.00,false,253,true,true
91640.908,-0.00,0.00,false,254,true,true
91661.743,-0.00,0.00,false,255,true,true
91681.285,-0.00,0.00,false,256,true,true
91701.324,-0.00,0.00,false,257,true,true
91720.733,-0.00,0.00,false,258,true,true
91741.29999999999,-0.00,0.00,false,259,true,true
91761.14,-0.00,0.00,false,260,true,true
91780.202,-0.00,0.00,false,261,true,true
91800.81599999999,-0.00,0.00,false,262,true,true
91821.557,-0.00,0.00,false,263,true,true
91840.925,-0.00,0.00,false,264,true,true
91861.47,-0.00,0.00,false,265,true,true
91881.133,-0.00,0.00,false,266,true,true
91900.80399999999,-0.00,0.00,false,267,true,true
91921.705,-0.00,0.00,false,268,true,true
91940.92000000001,-0.00,0.00,false,269,true,true
91961.00300000001,-0.00,0.00,false,270,true,true
91981.795,-0.00,0.00,false,271,true,true
92001.525,-0.00,0.00,false,272,true,true
92021.495,-0.00,0.00,false,273,true,true
92041.15000000001,-0.00,0.00,false,274,true,true
92061.159,-0.00,0.00,false,275,true,true
92080.81300000001,-0.00,0.00,false,276,true,true
92100.85100000001,-0.00,0.00,false,277,true,true
92121.38,-0.00,0.00,false,278,true,true
92140.715,-0.00,0.00,false,279,true,true
92161.928,-0.00,0.00,false,280,true,true
92181.569,-0.00,0.00,false,281,true,true
92201.493,-0.00,0.00,false,282,true,true
92220.99799999999,-0.00,0.00,false,283,true,true
92242.243,-0.00,0.00,false,284,true,true
92261.203,-0.00,0.00,false,285,true,true
92280.70599999999,-0.00,0.00,false,286,true,true
92301.872,-0.00,0.00,false,287,true,true
92320.925,-0.00,0.00,false,288,true,true
92341.162,-0.00,0.00,false,289,true,true
92361.017,-0.00,0.00,false,290,true,true
92380.16100000001,-0.00,0.00,false,291,true,true
92400.401,-0.00,0.00,false,292,true,true
92420.466,-0.00,0.00,false,293,true,true
92441.585,-0.00,0.00,false,294,true,true
92460.80399999999,-0.00,0.00,false,295,true,true
92481.213,-0.00,0.00,false,296,true,true
92501.22600000001,-0.00,0.00,false,297,true,true
92520.314,-0.00,0.00,false,298,true,true
92541.18800000001,-0.00,0.00,false,299,true,true
92561.01800000001,-0.00,0.00,false,300,true,true
92580.304,-0.00,0.00,false,301,true,true
92601.007,-0.00,0.00,false,302,true,true
92621.10900000001,-0.00,0.00,false,303,true,true
92640.209,-0.00,0.00,false,304,true,true
92661.245,-0.00,0.00,false,305,true,true
92680.86499999999,-0.00,0.00,false,306,true,true
92701.487,-0.00,0.00,false,307,true,true
92720.74,-0.00,0.00,false,308,true,true
92740.783,-0.00,0.00,false,309,true,true
92761.86300000001,-0.00,0.00,false,310,true,true
92781.373,-0.00,0.00,false,311,true,true
92800.623,-0.00,0.00,false,312,true,true
92821.518,-0.00,0.00,false,313,true,true
92840.572,-0.00,0.00,false,314,true,true
92861.10100000001,-0.00,0.00,false,315,true,true
92880.904,-0.00,0.00,false,316,true,true
92901.45,-0.00,0.00,false,317,true,true
92920.936,-0.00,0.00,false,318,true,true
92941.894,-0.00,0.00,false,319,true,true
92961.42,-0.00,0.00,false,320,true,true
92981.12700000001,-0.00,0.00,false,321,true,true
93000.60100000001,-0.00,0.00,false,322,true,true
93020.99200000001,-0.00,0.00,false,323,true,true
93041.091,-0.00,0.00,false,324,true,true
93060.166,-0.00,0.00,false,325,true,true
93080.8,-0.00,0.00,false,326,true,true
93101.191,-0.00,0.00,false,327,true,true
93120.40000000001,-0.00,0.00,false,328,true,true
93140.96800000001,-0.00,0.00,false,329,true,true
93161.3,-0.00,0.00,false,330,true,true
93180.611,-0.00,0.00,false,331,true,true
93201.71100000001,-0.00,0.00,false,332,true,true
93221.08099999999,-0.00,0.00,false,333,true,true
93240.81999999999,-0.00,0.00,false,334,true,true
93261.94099999999,-0.00,0.00,false,335,true,true
93281.68599999999,-0.00,0.00,false,336,true,true
93301.799,-0.00,0.00,false,337,true,true
93321.885,-0.00,0.00,false,338,true,true
93341.66,-0.00,0.00,false,339,true,true
93360.912,-0.00,0.00,false,340,true,true
93381.036,-0.00,0.00,false,341,true,true
93400.40999999999,-0.00,0.00,false,342,true,true
93421.01,-0.00,0.00,false,343,true,true
93441.585,-0.00,0.00,false,344,true,true
93461.44099999999,-0.00,0.00,false,345,true,true
93481.187,-0.00,0.00,false,346,true,true
93500.399,-0.00,0.00,false,347,true,true
93520.656,-0.00,0.00,false,348,true,true
93541.747,-0.00,0.00,false,349,true,true
93561.175,-0.00,0.00,false,350,true,true
93581.311,-0.00,0.00,false,351,true,true
93601.365,-0.00,0.00,false,352,true,true
93620.399,-0.00,0.00,false,353,true,true
93640.675,-0.00,0.00,false,354,true,true
93661.64899999999,-0.00,0.00,false,355,true,true
93681.346,-0.00,0.00,false,356,true,true
93701.049,-0.00,0.00,false,357,true,true
93720.94099999999,-0.00,0.00,false,358,true,true
93741.388,-0.00,0.00,false,359,true,true
93761.394,-0.00,0.00,false,360,true,true
93781.467,-0.00,0.00,false,361,true,true
93801.123,-0.00,0.00,false,362,true,true
93820.533,-0.00,0.00,false,363,true,true
93841.405,-0.00,0.00,false,364,true,true
93861.524,-0.00,0.00,false,365,true,true
93881.27,-0.00,0.00,false,366,true,true
93900.839,-0.00,0.00,false,367,true,true
93921.808,-0.00,0.00,false,368,true,true
93941.784,-0.00,0.00,false,369,true,true
93961.203,-0.00,0.00,false,370,true,true
93980.916,-0.00,0.00,false,371,true,true
94001.265,-0.00,0.00,false,372,true,true
94020.94099999999,-0.00,0.00,false,373,true,true
94041.992,-0.00,0.00,false,374,true,true
94061.272,-0.00,0.00,false,375,true,true
94101.817,-0.00,0.00,false,376,true,true
94141.102,-0.00,0.00,false,377,true,true
94180.57500000001,-0.00,0.00,false,378,true,true
94201.00499999999,-0.00,0.00,false,379,true,true
94221.092,-0.00,0.00,false,380,true,true
94240.991,-0.00,0.00,false,381,true,true
94262.135,-0.00,0.00,false,382,true,true
94280.637,-0.00,0.00,false,383,true,true
94301.387,-0.00,0.00,false,384,true,true
94320.734,-0.00,0.00,false,385,true,true
94340.802,-0.00,0.00,false,386,true,true
94361.879,-0.00,0.00,false,387,true,true
94381.66200000001,-0.00,0.00,false,388,true,true
94401.033,-0.00,0.00,false,389,true,true
94420.497,-0.00,0.00,false,390,true,true
94440.67099999999,-0.00,0.00,false,391,true,true
94461.55,-0.00,0.00,false,392,true,true
94480.675,-0.00,0.00,false,393,true,true
94501.374,-0.00,0.00,false,394,true,true
94521.147,-0.00,0.00,false,395,true,true
94540.19200000001,-0.00,0.00,false,396,true,true
94560.766,-0.00,0.00,false,397,true,true
94581.814,-0.00,0.00,false,398,true,true
94601.888,-0.00,0.00,false,399,true,true
94621.48700000001,-0.00,0.00,false,400,true,true
94640.616,-0.00,0.00,false,401,true,true
94661.54299999999,-0.00,0.00,false,402,true,true
94681.239,-0.00,0.00,false,403,true,true
94700.742,-0.00,0.00,false,404,true,true
94720.92000000001,-0.00,0.00,false,405,true,true
94741.63,-0.00,0.00,false,406,true,true
94761.465,-0.00,0.00,false,407,true,true
94781.361,-0.00,0.00,false,408,true,true
94800.957,-0.00,0.00,false,409,true,true
94821.91799999999,-0.00,0.00,false,410,true,true
94841.685,-0.00,0.00,false,411,true,true
94861.39199999999,-0.00,0.00,false,412,true,true
94880.693,-0.00,0.00,false,413,true,true
94901.27699999999,-0.00,0.00,false,414,true,true
94920.686,-0.00,0.00,false,415,true,true
94941.178,-0.00,0.00,false,416,true,true
94960.578,-0.00,0.00,false,417,true,true
94981.28300000001,-0.00,0.00,false,418,true,true
95001.265,-0.00,0.00,false,419,true,true
95021.405,-0.00,0.00,false,420,true,true
95041.45,-0.00,0.00,false,421,true,true
95060.883,-0.00,0.00,false,422,true,true
95081.40699999999,-0.00,0.00,false,423,true,true
95100.936,-0.00,0.00,false,424,true,true
95121.244,-0.00,0.00,false,425,true,true
95140.626,-0.00,0.00,false,426,true,true
95161.432,-0.00,0.00,false,427,true,true
95180.852,-0.00,0.00,false,428,true,true
95201.194,-0.00,0.00,false,429,true,true
95221.258,-0.00,0.00,false,430,true,true
95240.57500000001,-0.00,0.00,false,431,true,true
95260.94,-0.00,0.00,false,432,true,true
95281.53199999999,-0.00,0.00,false,433,true,true
95300.59,-0.00,0.00,false,434,true,true
95321.603,-0.00,0.00,false,435,true,true
95341.564,-0.00,0.00,false,436,true,true
95361.247,-0.00,0.00,false,437,true,true
95380.313,-0.00,0.00,false,438,true,true
95401.122,-0.00,0.00,false,439,true,true
95420.48599999999,-0.00,0.00,false,440,true,true
95441.079,-0.00,0.00,false,441,true,true
95461.185,-0.00,0.00,false,442,true,true
95480.758,-0.00,0.00,false,443,true,true
95501.19499999999,-0.00,0.00,false,444,true,true
95520.414,-0.00,0.00,false,445,true,true
95540.8,-0.00,0.00,false,446,true,true
95561.13,-0.00,0.00,false,447,true,true
95580.869,-0.00,0.00,false,448,true,true
95601.271,-0.00,0.00,false,449,true,true
95620.754,-0.00,0.00,false,450,true,true
95640.79599999999,-0.00,0.00,false,451,true,true
95660.96299999999,-0.00,0.00,false,452,true,true
95682.08799999999,-0.00,0.00,false,453,true,true
95701.00600000001,-0.00,0.00,false,454,true,true
95721.558,-0.00,0.00,false,455,true,true
95740.695,-0.00,0.00,false,456,true,true
95760.911,-0.00,0.00,false,457,true,true
95780.988,-0.00,0.00,false,458,true,true
95801.365,-0.00,0.00,false,459,true,true
95821.412,-0.00,0.00,false,460,true,true
95841.28099999999,-0.00,0.00,false,461,true,true
95861.252,-0.00,0.00,false,462,true,true
95880.302,-0.00,0.00,false,463,true,true
95900.486,-0.00,0.00,false,464,true,true
95920.657,-0.00,0.00,false,465,true,true
95941.202,-0.00,0.00,false,466,true,true
95960.648,-0.00,0.00,false,467,true,true
95981.24799999999,-0.00,0.00,false,468,true,true
96001.372,-0.00,0.00,false,469,true,true
96020.447,-0.00,0.00,false,470,true,true
96041.462,-0.00,0.00,false,471,true,true
96061.287,-0.00,0.00,false,472,true,true
96081.261,-0.00,0.00,false,473,true,true
96100.523,-0.00,0.00,false,474,true,true
96121.634,-0.00,0.00,false,475,true,true
96141.26400000001,-0.00,0.00,false,476,true,true
96160.497,-0.00,0.00,false,477,true,true
96180.796,-0.00,0.00,false,478,true,true
96201.731,-0.00,0.00,false,479,true,true
96221.023,-0.00,0.00,false,480,true,true
96240.488,-0.00,0.00,false,481,true,true
96261.432,-0.00,0.00,false,482,true,true
96280.551,-0.00,0.00,false,483,true,true
96300.916,-0.00,0.00,false,484,true,true
96321.535,-0.00,0.00,false,485,true,true
96341.62700000001,-0.00,0.00,false,486,true,true
96360.797,-0.00,0.00,false,487,true,true
96381.727,-0.00,0.00,false,488,true,true
96401.615,-0.00,0.00,false,489,true,true
96421.262,-0.00,0.00,false,490,true,true
96440.506,-0.00,0.00,false,491,true,true
96461.26800000001,-0.00,0.00,false,492,true,true
96481.08,-0.00,0.00,false,493,true,true
96500.803,-0.00,0.00,false,494,true,true
96521.284,-0.00,0.00,false,495,true,true
96540.687,-0.00,0.00,false,496,true,true
96561.16,-0.00,0.00,false,497,true,true
96580.831,-0.00,0.00,false,498,true,true
96601.674,-0.00,0.00,false,499,true,true
96621.565,-0.00,0.00,false,500,true,true
96661.012,-0.00,0.00,false,501,true,true
96681.706,-0.00,0.00,false,502,true,true
96700.954,-0.00,0.00,false,503,true,true
96721.124,-0.00,0.00,false,504,true,true
96740.30500000001,-0.00,0.00,false,505,true,true
96761.184,-0.00,0.00,false,506,true,true
96780.73000000001,-0.00,0.00,false,507,true,true
96800.932,-0.00,0.00,false,508,true,true
96821.887,-0.00,0.00,false,509,true,true
96841.19900000001,-0.00,0.00,false,510,true,true
96860.586,-0.00,0.00,false,511,true,true
96881.227,-0.00,0.00,false,512,true,true
96900.296,-0.00,0.00,false,513,true,true
96920.586,-0.00,0.00,false,514,true,true
96941.199,-0.00,0.00,false,515,true,true
96961.258,-0.00,0.00,false,516,true,true
96980.612,-0.00,0.00,false,517,true,true
97000.671,-0.00,0.00,false,518,true,true
97021.64,-0.00,0.00,false,519,true,true
97041.428,-0.00,0.00,false,520,true,true
97061.285,-0.00,0.00,false,521,true,true
97080.42899999999,-0.00,0.00,false,522,true,true
97100.679,-0.00,0.00,false,523,true,true
97121.572,-0.00,0.00,false,524,true,true
97140.82999999999,-0.00,0.00,false,525,true,true
97161.083,-0.00,0.00,false,526,true,true
97180.975,-0.00,0.00,false,527,true,true
97201.286,-0.00,0.00,false,528,true,true
97221.41100000001,-0.00,0.00,false,529,true,true
97240.73300000001,-0.00,0.00,false,530,true,true
97261.428,-0.00,0.00,false,531,true,true
97280.664,-0.00,0.00,false,532,true,true
97301.158,-0.00,0.00,false,533,true,true
97320.685,-0.00,0.00,false,534,true,true
97341.011,-0.00,0.00,false,535,true,true
97361.648,-0.00,0.00,false,536,true,true
97381.054,-0.00,0.00,false,537,true,true
97400.746,-0.00,0.00,false,538,true,true
97421.522,-0.00,0.00,false,539,true,true
97441.239,-0.00,0.00,false,540,true,true
97460.442,-0.00,0.00,false,541,true,true
97481.133,-0.00,0.00,false,542,true,true
97500.514,-0.00,0.00,false,543,true,true
97521.409,-0.00,0.00,false,544,true,true
97541.337,-0.00,0.00,false,545,true,true
97560.647,-0.00,0.00,false,546,true,true
97581.622,-0.00,0.00,false,547,true,true
97601.61499999999,-0.00,0.00,false,548,true,true
97621.473,-0.00,0.00,false,549,true,true
97640.945,-0.00,0.00,false,550,true,true
97661.90299999999,-0.00,0.00,false,551,true,true
97680.966,-0.00,0.00,false,552,true,true
97701.925,-0.00,0.00,false,553,true,true
97721.356,-0.00,0.00,false,554,true,true
97741.293,-0.00,0.00,false,555,true,true
97761.427,-0.00,0.00,false,556,true,true
97780.829,-0.00,0.00,false,557,true,true
97801.565,-0.00,0.00,false,558,true,true
97821.566,-0.00,0.00,false,559,true,true
97841.18100000001,-0.00,0.00,false,560,true,true
97860.876,-0.00,0.00,false,561,true,true
97881.568,-0.00,0.00,false,562,true,true
97901.19,-0.00,0.00,false,563,false,true
97921.125,-0.00,0.00,false,564,false,true
97940.79000000001,-0.00,0.00,false,565,false,true
97960.93500000001,-0.00,0.00,false,566,false,true
97981.905,-0.00,0.00,false,567,false,true
98001.65699999999,-0.00,0.00,false,568,false,true
98021.457,-0.00,0.00,false,569,true,true
98040.943,-0.00,0.00,false,570,true,true
98061.477,-0.00,0.00,false,571,true,true
98080.748,-0.00,0.00,false,572,true,true
98101.614,-0.00,0.00,false,573,true,true
98121.402,-0.00,0.00,false,574,true,true
98141.002,-0.00,0.00,false,575,true,true
98161.943,-0.00,0.00,false,576,true,true
98181.959,-0.00,0.00,false,577,true,true
98202.05900000001,-0.00,0.00,false,578,true,true
98220.971,-0.00,0.00,false,579,true,true
98241.745,-0.00,0.00,false,580,true,true
98261.404,-0.00,0.00,false,581,true,true
98281.00600000001,-0.00,0.00,false,582,true,true
98301.132,-0.00,0.00,false,583,true,true
98321.16100000001,-0.00,0.00,false,584,true,true
98340.952,-0.00,0.00,false,585,true,true
98361.304,-0.00,0.00,false,586,true,true
98381.387,-0.00,0.00,false,587,true,true
98400.59599999999,-0.00,0.00,false,588,true,true
98420.889,-0.00,0.00,false,589,true,true
98441.016,-0.00,0.00,false,590,true,true
98461.828,-0.00,0.00,false,591,true,true
98481.492,-0.00,0.00,false,592,true,true
98501.368,-0.00,0.00,false,593,true,true
98521.17599999999,-0.00,0.00,false,594,true,true
98541.269,-0.00,0.00,false,595,true,true
98560.72600000001,-0.00,0.00,false,596,true,true
98581.311,-0.00,0.00,false,597,true,true
98600.486,-0.00,0.00,false,598,true,true
98621.60299999999,-0.00,0.00,false,599,true,true
98641.401,-0.00,0.00,false,600,true,true
98660.448,-0.00,0.00,false,601,true,true
98680.522,-0.00,0.00,false,602,true,true
98701.495,-0.00,0.00,false,603,true,true
98721.42,-0.00,0.00,false,604,true,true
98741.225,-0.00,0.00,false,605,true,true
98761.24799999999,-0.00,0.00,false,606,true,true
98780.65,-0.00,0.00,false,607,true,true
98801.35900000001,-0.00,0.00,false,608,true,true
98821.228,-0.00,0.00,false,609,true,true
98841.255,-0.00,0.00,false,610,true,true
98860.455,-0.00,0.00,false,611,true,true
98880.675,-0.00,0.00,false,612,true,true
98900.775,-0.00,0.00,false,613,true,true
98921.62999999999,-0.00,0.00,false,614,true,true
98941.25099999999,-0.00,0.00,false,615,true,true
98960.57500000001,-0.00,0.00,false,616,true,true
98980.627,-0.00,0.00,false,617,true,true
99001.451,-0.00,0.00,false,618,true,true
99020.821,-0.00,0.00,false,619,true,true
99041.34000000001,-0.00,0.00,false,620,true,true
99060.81899999999,-0.00,0.00,false,621,true,true
99081.745,-0.00,0.00,false,622,true,true
99100.855,-0.00,0.00,false,623,true,true
99121.579,-0.00,0.00,false,624,true,true
99141.19200000001,-0.00,0.00,false,625,true,true
99161.077,-0.00,0.00,false,626,true,true
99180.29400000001,-0.00,0.00,false,627,true,true
99201.023,-0.00,0.00,false,628,true,true
99220.86899999999,-0.00,0.00,false,629,true,true
99241.22099999999,-0.00,0.00,false,630,true,true
99260.462,-0.00,0.00,false,631,true,true
99281.404,-0.00,0.00,false,632,true,true
99301.396,-0.00,0.00,false,633,true,true
99320.902,-0.00,0.00,false,634,true,true
99341.567,-0.00,0.00,false,635,true,true
99360.90699999999,-0.00,0.00,false,636,true,true
99381.494,-0.00,0.00,false,637,true,true
99400.711,-0.00,0.00,false,638,true,true
99421.606,-0.00,0.00,false,639,true,true
99440.8,-0.00,0.00,false,640,true,true
99461.466,-0.00,0.00,false,641,true,true
99480.778,-0.00,0.00,false,642,true,true
99500.976,-0.00,0.00,false,643,true,true
99521.579,-0.00,0.00,false,644,true,true
99541.205,-0.00,0.00,false,645,true,true
99561.068,-0.00,0.00,false,646,true,true
99580.19,-0.00,0.00,false,647,true,true
99600.752,-0.00,0.00,false,648,true,true
99621.62,-0.00,0.00,false,649,true,true
99641.51699999999,-0.00,0.00,false,650,true,true
99661.206,-0.00,0.00,false,651,true,true
99680.74,-0.00,0.00,false,652,true,true
99701.483,-0.00,0.00,false,653,true,true
99720.532,-0.00,0.00,false,654,true,true
99740.72,-0.00,0.00,false,655,true,true
99761.068,-0.00,0.00,false,656,true,true
99781.13100000001,-0.00,0.00,false,657,true,true
99801.041,-0.00,0.00,false,658,true,true
99821.72799999999,-0.00,0.00,false,659,true,true
99841.289,-0.00,0.00,false,660,true,true
99860.659,-0.00,0.00,false,661,true,true
99881.015,-0.00,0.00,false,662,true,true
99900.449,-0.00,0.00,false,663,true,true
99921.546,-0.00,0.00,false,664,true,true
99941.092,-0.00,0.00,false,665,true,true
99960.647,-0.00,0.00,false,666,true,true
99981.115,-0.00,0.00,false,667,true,true
100001.013,-0.00,0.00,false,668,true,true
100021.353,-0.00,0.00,false,669,true,true
100041.40599999999,-0.00,0.00,false,670,true,true
100060.733,-0.00,0.00,false,671,true,true
100081.27100000001,-0.00,0.00,false,672,true,true
100100.972,-0.00,0.00,false,673,true,true
100121.295,-0.00,0.00,false,674,true,true
100141.425,-0.00,0.00,false,675,true,true
100161.432,-0.00,0.00,false,676,true,true
100181.053,-0.00,0.00,false,677,true,true
100200.13799999999,-0.00,0.00,false,678,true,true
100221.164,-0.00,0.00,false,679,true,true
100241.026,-0.00,0.00,false,680,true,true
100260.519,-0.00,0.00,false,681,true,true
100281.025,-0.00,0.00,false,682,true,true
100300.54199999999,-0.00,0.00,false,683,true,true
100321.208,-0.00,0.00,false,684,true,true
100340.888,-0.00,0.00,false,685,true,true
100361.08,-0.00,0.00,false,686,true,true
100380.693,-0.00,0.00,false,687,true,true
100401.064,-0.00,0.00,false,688,true,true
100421.055,-0.00,0.00,false,689,true,true
100441.161,-0.00,0.00,false,690,true,true
100460.269,-0.00,0.00,false,691,true,true
100481.12000000001,-0.00,0.00,false,692,true,true
100500.72,-0.00,0.00,false,693,true,true
100520.975,-0.00,0.00,false,694,true,true
100541.70499999999,-0.00,0.00,false,695,true,true
100561.12,-0.00,0.00,false,696,true,true
100581.026,-0.00,0.00,false,697,true,true
100600.71399999999,-0.00,0.00,false,698,true,true
100621.665,-0.00,0.00,false,699,true,true
100641.284,-0.00,0.00,false,700,true,true
100660.583,-0.00,0.00,false,701,true,true
100681.342,-0.00,0.00,false,702,true,true
100701.395,-0.00,0.00,false,703,true,true
100721.204,-0.00,0.00,false,704,true,true
100740.411,-0.00,0.00,false,705,true,true
100760.61,-0.00,0.00,false,706,true,true
100781.23999999999,-0.00,0.00,false,707,true,true
100800.344,-0.00,0.00,false,708,true,true
100820.784,-0.00,0.00,false,709,true,true
100841.776,-0.00,0.00,false,710,true,true
100861.71,-0.00,0.00,false,711,true,true
100881.481,-0.00,0.00,false,712,true,true
100901.299,-0.00,0.00,false,713,true,true
100920.561,-0.00,0.00,false,714,true,true
100941.417,-0.00,0.00,false,715,true,true
100961.061,-0.00,0.00,false,716,true,true
100980.677,-0.00,0.00,false,717,true,true
101001.742,-0.00,0.00,false,718,true,true
101020.939,-0.00,0.00,false,719,true,true
101041.16399999999,-0.00,0.00,false,720,true,true
101060.256,-0.00,0.00,false,721,true,true
101080.48999999999,-0.00,0.00,false,722,true,true
101101.088,-0.00,0.00,false,723,true,true
101120.572,-0.00,0.00,false,724,true,true
101141.005,-0.00,0.00,false,725,true,true
101161.94799999999,-0.00,0.00,false,726,true,true
101181.42400000001,-0.00,0.00,false,727,true,true
101201.232,-0.00,0.00,false,728,true,true
101220.473,-0.00,0.00,false,729,true,true
101241.15000000001,-0.00,0.00,false,730,true,true
101260.632,-0.00,0.00,false,731,true,true
101281.279,-0.00,0.00,false,732,true,true
101300.516,-0.00,0.00,false,733,true,true
101321.269,-0.00,0.00,false,734,true,true
101360.89300000001,-0.00,0.00,false,735,true,true
101381.569,-0.00,0.00,false,736,true,true
101400.963,-0.00,0.00,false,737,true,true
101421.561,-0.00,0.00,false,738,true,true
101441.51599999999,-0.00,0.00,false,739,true,true
101461.398,-0.00,0.00,false,740,true,true
101500.503,-0.00,0.00,false,741,true,true
101520.747,-0.00,0.00,false,742,true,true
101541.82400000001,-0.00,0.00,false,743,true,true
101561.503,-0.00,0.00,false,744,true,true
101581.202,-0.00,0.00,false,745,true,true
101600.729,-0.00,0.00,false,746,true,true
101621.144,-0.00,0.00,false,747,true,true
101640.493,-0.00,0.00,false,748,true,true
101661.2,-0.00,0.00,false,749,true,true
101680.996,-0.00,0.00,false,750,true,true
101701.565,-0.00,0.00,false,751,true,true
101740.69799999999,-0.00,0.00,false,752,true,true
101801.344,-0.00,0.00,false,753,true,true
101840.422,-0.00,0.00,false,754,true,true
101861.255,-0.00,0.00,false,755,true,true
101880.672,-0.00,0.00,false,756,true,true
101901.335,-0.00,0.00,false,757,true,true
101920.657,-0.00,0.00,false,758,true,true
101941.09899999999,-0.00,0.00,false,759,true,true
101960.23,-0.00,0.00,false,760,true,true
101980.555,-0.00,0.00,false,761,true,true
102000.68299999999,-0.00,0.00,false,762,true,true
102021.699,-0.00,0.00,false,763,true,true
102041.68400000001,-0.00,0.00,false,764,true,true
102061.985,-0.00,0.00,false,765,true,true
102081.888,-0.00,0.00,false,766,true,true
102101.573,-0.00,0.00,false,767,true,true
102121.55099999999,-0.00,0.00,false,768,true,true
102141.635,-0.00,0.00,false,769,true,true
102161.163,-0.00,0.00,false,770,true,true
102180.92300000001,-0.00,0.00,false,771,true,true
102201.752,-0.00,0.00,false,772,true,true
102221.67,-0.00,0.00,false,773,true,true
102240.97600000001,-0.00,0.00,false,774,true,true
102261.289,-0.00,0.00,false,775,true,true
102280.493,-0.00,0.00,false,776,true,true
102301.181,-0.00,0.00,false,777,true,true
102320.908,-0.00,0.00,false,778,true,true
102341.33,-0.00,0.00,false,779,true,true
102361.38200000001,-0.00,0.00,false,780,true,true
102381.13,-0.00,0.00,false,781,true,true
102401.186,-0.00,0.00,false,782,true,true
102420.945,-0.00,0.00,false,783,true,true
102441.091,-0.00,0.00,false,784,true,true
102460.56,-0.00,0.00,false,785,true,true
102481.227,-0.00,0.00,false,786,true,true
102500.641,-0.00,0.00,false,787,true,true
102521.193,-0.00,0.00,false,788,true,true
102540.644,-0.00,0.00,false,789,true,true
102560.99799999999,-0.00,0.00,false,790,true,true
102581.444,-0.00,0.00,false,791,true,true
102600.917,-0.00,0.00,false,792,true,true
102622.001,-0.00,0.00,false,793,true,true
102642.193,-0.00,0.00,false,794,true,true
102660.253,-0.00,0.00,false,795,true,true
102680.29,-0.00,0.00,false,796,true,true
102700.60800000001,-0.00,0.00,false,797,true,true
102721.479,-0.00,0.00,false,798,true,true
102741.128,-0.00,0.00,false,799,true,true
102760.678,-0.00,0.00,false,800,true,true
102781.028,-0.00,0.00,false,801,true,true
102800.134,-0.00,0.00,false,802,true,true
102820.934,-0.00,0.00,false,803,true,true
102841.397,-0.00,0.00,false,804,true,true
102861.46800000001,-0.00,0.00,false,805,true,true
102881.023,-0.00,0.00,false,806,true,true
102900.319,-0.00,0.00,false,807,true,true
102921.239,-0.00,0.00,false,808,true,true
102940.91,-0.00,0.00,false,809,true,true
102961.089,-0.00,0.00,false,810,true,true
102980.476,-0.00,0.00,false,811,true,true
103001.578,-0.00,0.00,false,812,true,true
103020.912,-0.00,0.00,false,813,true,true
103041.681,-0.00,0.00,false,814,true,true
103060.898,-0.00,0.00,false,815,true,true
103081.778,-0.00,0.00,false,816,true,true
103100.996,-0.00,0.00,false,817,true,true
103121.102,-0.00,0.00,false,818,true,true
103140.768,-0.00,0.00,false,819,true,true
103160.996,-0.00,0.00,false,820,true,true
103181.168,-0.00,0.00,false,821,true,true
103200.336,-0.00,0.00,false,822,true,true
103220.738,-0.00,0.00,false,823,true,true
103241.587,-0.00,0.00,false,824,true,true
103260.903,-0.00,0.00,false,825,true,true
103281.829,-0.00,0.00,false,826,true,true
103301.902,-0.00,0.00,false,827,true,true
103321.68000000001,-0.00,0.00,false,828,true,true
103340.822,-0.00,0.00,false,829,true,true
103361.18500000001,-0.00,0.00,false,830,true,true
103381.09199999999,-0.00,0.00,false,831,true,true
103400.53199999999,-0.00,0.00,false,832,true,true
103421.391,-0.00,0.00,false,833,true,true
103440.50300000001,-0.00,0.00,false,834,true,true
103460.64300000001,-0.00,0.00,false,835,true,true
103481.384,-0.00,0.00,false,836,true,true
103501.365,-0.00,0.00,false,837,true,true
103520.74399999999,-0.00,0.00,false,838,true,true
103541.64199999999,-0.00,0.00,false,839,true,true
103561.57299999999,-0.00,0.00,false,840,true,true
103581.31400000001,-0.00,0.00,false,841,true,true
103601.504,-0.00,0.00,false,842,true,true
103620.817,-0.00,0.00,false,843,true,true
103641.19200000001,-0.00,0.00,false,844,true,true
103661.264,-0.00,0.00,false,845,true,true
103681.06,-0.00,0.00,false,846,true,true
103700.333,-0.00,0.00,false,847,true,true
103720.995,-0.00,0.00,false,848,true,true
103741.54699999999,-0.00,0.00,false,849,true,true
103760.81000000001,-0.00,0.00,false,850,true,true
103781.324,-0.00,0.00,false,851,true,true
103800.75,-0.00,0.00,false,852,true,true
103821.012,-0.00,0.00,false,853,true,true
103841.045,-0.00,0.00,false,854,true,true
103860.365,-0.00,0.00,false,855,true,true
103880.765,-0.00,0.00,false,856,true,true
103901.257,-0.00,0.00,false,857,true,true
103921.21299999999,-0.00,0.00,false,858,true,true
103940.317,-0.00,0.00,false,859,true,true
103960.88,-0.00,0.00,false,860,true,true
103981.672,-0.00,0.00,false,861,true,true
104001.50600000001,-0.00,0.00,false,862,true,true
104020.92,-0.00,0.00,false,863,true,true
104041.977,-0.00,0.00,false,864,true,true
104061.707,-0.00,0.00,false,865,true,true
104081.452,-0.00,0.00,false,866,true,true
104100.57999999999,-0.00,0.00,false,867,true,true
104121.06300000001,-0.00,0.00,false,868,true,true
104140.739,-0.00,0.00,false,869,true,true
104161.111,-0.00,0.00,false,870,true,true
104180.292,-0.00,0.00,false,871,true,true
104201.397,-0.00,0.00,false,872,true,true
104221.06,-0.00,0.00,false,873,true,true
104240.34,-0.00,0.00,false,874,true,true
104261.443,-0.00,0.00,false,875,true,true
104281.488,-0.00,0.00,false,876,true,true
104300.69399999999,-0.00,0.00,false,877,true,true
104321.205,-0.00,0.00,false,878,true,true
104340.385,-0.00,0.00,false,879,true,true
104360.92,-0.00,0.00,false,880,true,true
104380.978,-0.00,0.00,false,881,true,true
104401.523,-0.00,0.00,false,882,true,true
104421.557,-0.00,0.00,false,883,true,true
104440.753,-0.00,0.00,false,884,true,true
104461.60500000001,-0.00,0.00,false,885,true,true
104480.75,-0.00,0.00,false,886,true,true
104501.507,-0.00,0.00,false,887,true,true
104520.994,-0.00,0.00,false,888,true,true
104541.129,-0.00,0.00,false,889,true,true
104561.23999999999,-0.00,0.00,false,890,true,true
104581.16900000001,-0.00,0.00,false,891,true,true
104600.718,-0.00,0.00,false,892,true,true
104641.765,-0.00,0.00,false,893,true,true
104661.728,-0.00,0.00,false,894,true,true
104680.88500000001,-0.00,0.00,false,895,true,true
104701.187,-0.00,0.00,false,896,true,true
104720.82299999999,-0.00,0.00,false,897,true,true
104741.833,-0.00,0.00,false,898,true,true
104761.877,-0.00,0.00,false,899,true,true
104781.454,-0.00,0.00,false,900,true,true
104800.71800000001,-0.00,0.00,false,901,true,true
104821.493,-0.00,0.00,false,902,true,true
104841.475,-0.00,0.00,false,903,true,true
104861.008,-0.00,0.00,false,904,true,true
104880.58499999999,-0.00,0.00,false,905,true,true
104901.268,-0.00,0.00,false,906,true,true
104920.283,-0.00,0.00,false,907,true,true
104941.02100000001,-0.00,0.00,false,908,true,true
104961.12,-0.00,0.00,false,909,true,true
104980.78700000001,-0.00,0.00,false,910,true,true
105001.365,-0.00,0.00,false,911,true,true
105021.28899999999,-0.00,0.00,false,912,true,true
105040.787,-0.00,0.00,false,913,true,true
105061.701,-0.00,0.00,false,914,true,true
105080.916,-0.00,0.00,false,915,true,true
105101.13900000001,-0.00,0.00,false,916,true,true
105121.18,-0.00,0.00,false,917,true,true
105140.99799999999,-0.00,0.00,false,918,true,true
105161.287,-0.00,0.00,false,919,true,true
105180.735,-0.00,0.00,false,920,true,true
105201.14499999999,-0.00,0.00,false,921,true,true
105221.023,-0.00,0.00,false,922,true,true
105240.646,-0.00,0.00,false,923,true,true
105261.065,-0.00,0.00,false,924,true,true
105280.831,-0.00,0.00,false,925,true,true
105301.141,-0.00,0.00,false,926,true,true
105320.644,-0.00,0.00,false,927,true,true
105341.332,-0.00,0.00,false,928,true,true
105361.29800000001,-0.00,0.00,false,929,true,true
105381.375,-0.00,0.00,false,930,true,true
105401.023,-0.00,0.00,false,931,true,true
105420.754,-0.00,0.00,false,932,true,true
105441.83099999999,-0.00,0.00,false,933,true,true
105460.92199999999,-0.00,0.00,false,934,true,true
105481.498,-0.00,0.00,false,935,true,true
105500.563,-0.00,0.00,false,936,true,true
105521.364,-0.00,0.00,false,937,true,true
105541.19099999999,-0.00,0.00,false,938,true,true
105560.702,-0.00,0.00,false,939,true,true
105581.727,-0.00,0.00,false,940,true,true
105601.212,-0.00,0.00,false,941,true,true
105620.533,-0.00,0.00,false,942,true,true
105640.992,-0.00,0.00,false,943,true,true
105661.955,-0.00,0.00,false,944,true,true
105681.182,-0.00,0.00,false,945,true,true
105700.615,-0.00,0.00,false,946,true,true
105720.86,-0.00,0.00,false,947,true,true
105741.51999999999,-0.00,0.00,false,948,true,true
105761.544,-0.00,0.00,false,949,true,true
105781.516,-0.00,0.00,false,950,true,true
105800.833,-0.00,0.00,false,951,true,true
105821.83499999999,-0.00,0.00,false,952,true,true
105841.34899999999,-0.00,0.00,false,953,true,true
105860.679,-0.00,0.00,false,954,true,true
105880.81599999999,-0.00,0.00,false,955,true,true
105901.69,-0.00,0.00,false,956,true,true
105921.453,-0.00,0.00,false,957,true,true
105940.754,-0.00,0.00,false,958,true,true
105961.70700000001,-0.00,0.00,false,959,true,true
105981.364,-0.00,0.00,false,960,true,true
106001.248,-0.00,0.00,false,961,true,true
106020.715,-0.00,0.00,false,962,true,true
106040.79400000001,-0.00,0.00,false,963,true,true
106061.142,-0.00,0.00,false,964,true,true
106080.17,-0.00,0.00,false,965,true,true
106100.46699999999,-0.00,0.00,false,966,true,true
106120.817,-0.00,0.00,false,967,true,true
106140.981,-0.00,0.00,false,968,true,true
106161.997,-0.00,0.00,false,969,true,true
106181.832,-0.00,0.00,false,970,true,true
106201.581,-0.00,0.00,false,971,true,true
106221.099,-0.00,0.00,false,972,true,true
106240.153,-0.00,0.00,false,973,true,true
106261.221,-0.00,0.00,false,974,true,true
106280.38100000001,-0.00,0.00,false,975,true,true
106300.77500000001,-0.00,0.00,false,976,true,true
106321.54199999999,-0.00,0.00,false,977,true,true
106341.495,-0.00,0.00,false,978,true,true
106361.601,-0.00,0.00,false,979,true,true
106381.186,-0.00,0.00,false,980,true,true
106400.49100000001,-0.00,0.00,false,981,true,true
106421.487,-0.00,0.00,false,982,true,true
106440.961,-0.00,0.00,false,983,true,true
106460.992,-0.00,0.00,false,984,true,true
106482.157,-0.00,0.00,false,985,true,true
106500.82999999999,-0.00,0.00,false,986,true,true
106521.19,-0.00,0.00,false,987,true,true
106540.393,-0.00,0.00,false,988,true,true
106560.90299999999,-0.00,0.00,false,989,true,true
106581.279,-0.00,0.00,false,990,true,true
106600.506,-0.00,0.00,false,991,true,true
106621.43500000001,-0.00,0.00,false,992,true,true
106641.02200000001,-0.00,0.00,false,993,true,true
106660.956,-0.00,0.00,false,994,true,true
106681.135,-0.00,0.00,false,995,true,true
106700.48199999999,-0.00,0.00,false,996,true,true
106720.977,-0.00,0.00,false,997,true,true
106741.761,-0.00,0.00,false,998,true,true
106761.864,-0.00,0.00,false,999,true,true
106781.266,-0.00,0.00,false,1000,true,true
106801.06000000001,-0.00,0.00,false,1001,true,true
106820.915,-0.00,0.00,false,1002,true,true
106841.28,-0.00,0.00,false,1003,true,true
106860.942,-0.00,0.00,false,1004,true,true
106881.458,-0.00,0.00,false,1005,true,true
106901.063,-0.00,0.00,false,1006,true,true
106920.7,-0.00,0.00,false,1007,true,true
106940.99799999999,-0.00,0.00,false,1008,true,true
106961.562,-0.00,0.00,false,1009,true,true
106981.393,-0.00,0.00,false,1010,true,true
107001.086,-0.00,0.00,false,1011,true,true
107020.333,-0.00,0.00,false,1012,true,true
107041.346,-0.00,0.00,false,1013,true,true
107060.52200000001,-0.00,0.00,false,1014,true,true
107081.336,-0.00,0.00,false,1015,true,true
107100.875,-0.00,0.00,false,1016,true,true
107121.027,-0.00,0.00,false,1017,true,true
107140.595,-0.00,0.00,false,1018,true,true
107160.90800000001,-0.00,0.00,false,1019,true,true
107180.95,-0.00,0.00,false,1020,true,true
107201.75899999999,-0.00,0.00,false,1021,true,true
107221.00600000001,-0.00,0.00,false,1022,true,true
107241.364,-0.00,0.00,false,1023,true,true
107260.45999999999,-0.00,0.00,false,1024,true,true
107280.715,-0.00,0.00,false,1025,true,true
107301.232,-0.00,0.00,false,1026,true,true
107321.204,-0.00,0.00,false,1027,true,true
107342.529,-0.00,0.00,false,1028,true,true
107361.53199999999,-0.00,0.00,false,1029,true,true
107380.917,-0.00,0.00,false,1030,true,true
107401.682,-0.00,0.00,false,1031,true,true
107421.083,-0.00,0.00,false,1032,true,true
107440.74,-0.00,0.00,false,1033,true,true
107461.685,-0.00,0.00,false,1034,true,true
107481.112,-0.00,0.00,false,1035,true,true
107500.942,-0.00,0.00,false,1036,true,true
107521.85900000001,-0.00,0.00,false,1037,true,true
107541.88,-0.00,0.00,false,1038,true,true
107561.14,-0.00,0.00,false,1039,true,true
107581.00399999999,-0.00,0.00,false,1040,true,true
107602.152,-0.00,0.00,false,1041,true,true
107620.378,-0.00,0.00,false,1042,true,true
107640.618,-0.00,0.00,false,1043,true,true
107660.821,-0.00,0.00,false,1044,true,true
107681.325,-0.00,0.00,false,1045,true,true
107700.416,-0.00,0.00,false,1046,true,true
107721.489,-0.00,0.00,false,1047,true,true
107740.968,-0.00,0.00,false,1048,true,true
107761.84999999999,-0.00,0.00,false,1049,true,true
107781.122,-0.00,0.00,false,1050,true,true
107800.365,-0.00,0.00,false,1051,true,false
107820.565,-0.00,0.00,false,1052,true,false
107840.974,-0.00,0.00,false,1053,true,false
107861.362,-0.00,0.00,false,1054,true,false
107880.69,-0.00,0.00,false,1055,true,false
107900.786,-0.00,0.00,false,1056,true,false
107920.952,-0.00,0.00,false,1057,true,false
107941.37999999999,-0.00,0.00,false,1058,true,false
107961.26,-0.00,0.00,false,1059,true,true
107980.431,-0.00,0.00,false,1060,true,true
108000.70700000001,-0.00,0.00,false,1061,true,true
108021.283,-0.00,0.00,false,1062,true,true
108040.84,-0.00,0.00,false,1063,true,true
108061.109,-0.00,0.00,false,1064,true,true
108080.572,-0.00,0.00,false,1065,true,true
108101.53099999999,-0.00,0.00,false,1066,true,true
108121.00200000001,-0.00,0.00,false,1067,true,true
108141.3,-0.00,0.00,false,1068,true,true
108160.32800000001,-0.00,0.00,false,1069,true,true
108180.42599999999,-0.00,0.00,false,1070,true,true
108200.697,-0.00,0.00,false,1071,true,true
108221.80799999999,-0.00,0.00,false,1072,true,true
108241.726,-0.00,0.00,false,1073,true,true
108261.775,-0.00,0.00,false,1074,true,true
108281.391,-0.00,0.00,false,1075,true,true
108300.973,-0.00,0.00,false,1076,true,true
108321.474,-0.00,0.00,false,1077,true,true
108361.481,-0.00,0.00,false,1078,true,true
108380.844,-0.00,0.00,false,1079,true,true
108401.597,-0.00,0.00,false,1080,true,true
108421.59599999999,-0.00,0.00,false,1081,true,true
108441.185,-0.00,0.00,false,1082,true,true
108460.572,-0.00,0.00,false,1083,true,true
108481.169,-0.00,0.00,false,1084,true,true
108500.872,-0.00,0.00,false,1085,true,true
108520.968,-0.00,0.00,false,1086,true,true
108541.472,-0.00,0.00,false,1087,true,true
108561.558,-0.00,0.00,false,1088,true,true
108581.617,-0.00,0.00,false,1089,true,true
108600.729,-0.00,0.00,false,1090,true,true
108621.19099999999,-0.00,0.00,false,1091,true,true
108641.22,-0.00,0.00,false,1092,true,true
108661.321,-0.00,0.00,false,1093,true,true
108680.684,-0.00,0.00,false,1094,true,true
108701.096,-0.00,0.00,false,1095,true,true
108720.317,-0.00,0.00,false,1096,true,true
108740.931,-0.00,0.00,false,1097,true,true
108761.95300000001,-0.00,0.00,false,1098,true,true
108781.806,-0.00,0.00,false,1099,true,true
108801.44799999999,-0.00,0.00,false,1100,true,true
108821.115,-0.00,0.00,false,1101,true,true
108840.93400000001,-0.00,0.00,false,1102,true,true
108861.28499999999,-0.00,0.00,false,1103,true,true
108880.681,-0.00,0.00,false,1104,true,true
108901.257,-0.00,0.00,false,1105,true,true
108920.852,-0.00,0.00,false,1106,true,true
108941.949,-0.00,0.00,false,1107,true,true
108961.8,-0.00,0.00,false,1108,true,true
108981.499,-0.00,0.00,false,1109,true,true
109001.409,-0.00,0.00,false,1110,true,false
109020.985,-0.00,0.00,false,1111,true,false
109041.321,-0.00,0.00,false,1112,true,false
109061.07400000001,-0.00,0.00,false,1113,true,false
109081.17599999999,-0.00,0.00,false,1114,true,false
109100.576,-0.00,0.00,false,1115,true,false
109121.137,-0.00,0.00,false,1116,true,false
109140.691,-0.00,0.00,false,1117,true,false
109160.729,-0.00,0.00,false,1118,true,false
109181.75,-0.00,0.00,false,1119,true,false
109200.76699999999,-0.00,0.00,false,1120,true,false
109221.683,-0.00,0.00,false,1121,true,false
109241.223,-0.00,0.00,false,1122,true,false
109260.814,-0.00,0.00,false,1123,true,false
109281.27399999999,-0.00,0.00,false,1124,true,true
109300.449,-0.00,0.00,false,1125,true,true
109321.477,-0.00,0.00,false,1126,true,true
109340.578,-0.00,0.00,false,1127,true,true
109361.306,-0.00,0.00,false,1128,true,true
109381.258,-0.00,0.00,false,1129,true,true
109400.323,-0.00,0.00,false,1130,true,true
109421.248,-0.00,0.00,false,1131,true,true
109440.506,-0.00,0.00,false,1132,true,true
109460.807,-0.00,0.00,false,1133,true,true
109481.662,-0.00,0.00,false,1134,true,true
109501.67,-0.00,0.00,false,1135,true,true
109521.78600000001,-0.00,0.00,false,1136,true,true
109541.06199999999,-0.00,0.00,false,1137,true,true
109560.91,-0.00,0.00,false,1138,true,true
109581.224,-0.00,0.00,false,1139,true,true
109601.216,-0.00,0.00,false,1140,true,true
109620.531,-0.00,0.00,false,1141,true,true
109641.116,-0.00,0.00,false,1142,true,true
109660.359,-0.00,0.00,false,1143,true,true
109681.095,-0.00,0.00,false,1144,true,true
109700.423,-0.00,0.00,false,1145,true,true
109721.69,-0.00,0.00,false,1146,true,true
109740.91500000001,-0.00,0.00,false,1147,true,true
109761.5,-0.00,0.00,false,1148,true,true
109782.348,-0.00,0.00,false,1149,true,true
109800.341,-0.00,0.00,false,1150,true,true
109820.449,-0.00,0.00,false,1151,true,true
109841.35100000001,-0.00,0.00,false,1152,true,true
109860.768,-0.00,0.00,false,1153,true,true
109881.56700000001,-0.00,0.00,false,1154,true,true
109901.486,-0.00,0.00,false,1155,true,true
109922.815,-0.00,0.00,false,1156,true,true
109940.984,-0.00,0.00,false,1157,true,true
109961.737,-0.00,0.00,false,1158,true,true
109980.932,-0.00,0.00,false,1159,true,true
110001.778,-0.00,0.00,false,1160,true,true
110021.26199999999,-0.00,0.00,false,1161,true,true
110040.594,-0.00,0.00,false,1162,true,true
110061.69099999999,-0.00,0.00,false,1163,true,true
110081.49500000001,-0.00,0.00,false,1164,true,true
110101.138,-0.00,0.00,false,1165,true,true
110121.088,-0.00,0.00,false,1166,true,true
110140.699,-0.00,0.00,false,1167,true,true
110161.306,-0.00,0.00,false,1168,true,true
110180.358,-0.00,0.00,false,1169,true,true
110201.30500000001,-0.00,0.00,false,1170,true,true
110221.208,-0.00,0.00,false,1171,true,true
110240.61,-0.00,0.00,false,1172,true,true
110261.591,-0.00,0.00,false,1173,true,true
110280.804,-0.00,0.00,false,1174,true,true
110301.576,-0.00,0.00,false,1175,true,true
110321.629,-0.00,0.00,false,1176,true,true
110340.97099999999,-0.00,0.00,false,1177,true,true
110361.129,-0.00,0.00,false,1178,true,true
110381.07100000001,-0.00,0.00,false,1179,true,true
110400.75,-0.00,0.00,false,1180,true,true
110421.373,-0.00,0.00,false,1181,true,true
110440.88399999999,-0.00,0.00,false,1182,true,true
110461.799,-0.00,0.00,false,1183,true,true
110481.247,-0.00,0.00,false,1184,true,true
110500.771,-0.00,0.00,false,1185,true,false
110521.186,-0.00,0.00,false,1186,true,false
110541.236,-0.00,0.00,false,1187,true,false
110560.328,-0.00,0.00,false,1188,true,false
110581.368,-0.00,0.00,false,1189,true,false
110601.44900000001,-0.00,0.00,false,1190,true,false
110620.90299999999,-0.00,0.00,false,1191,true,false
110642.032,-0.00,0.00,false,1192,true,false
110660.742,-0.00,0.00,false,1193,true,false
110681.26100000001,-0.00,0.00,false,1194,true,false
110700.469,-0.00,0.00,false,1195,true,false
110761.048,-0.00,0.00,false,1196,true,false
110780.397,-0.00,0.00,false,1197,true,false
110801.517,-0.00,0.00,false,1198,true,false
110821.08499999999,-0.00,0.00,false,1199,true,false
110840.256,-0.00,0.00,false,1200,true,false
110860.319,-0.00,0.00,false,1201,true,false
110881.365,-0.00,0.00,false,1202,true,false
110900.379,-0.00,0.00,false,1203,true,false
110921.296,-0.00,0.00,false,1204,true,false
110940.588,-0.00,0.00,false,1205,true,false
110960.648,-0.00,0.00,false,1206,true,true
110981.47899999999,-0.00,0.00,false,1207,true,true
111001.329,-0.00,0.00,false,1208,true,true
111020.606,-0.00,0.00,false,1209,true,true
111041.073,-0.00,0.00,false,1210,true,true
111060.61,-0.00,0.00,false,1211,true,true
111081.32500000001,-0.00,0.00,false,1212,true,true
111100.739,-0.00,0.00,false,1213,true,true
111121.342,-0.00,0.00,false,1214,true,true
111141.16799999999,-0.00,0.00,false,1215,true,true
111161.082,-0.00,0.00,false,1216,true,true
111180.592,-0.00,0.00,false,1217,true,true
111201.511,-0.00,0.00,false,1218,true,true
111221.526,-0.00,0.00,false,1219,true,true
111240.578,-0.00,0.00,false,1220,true,true
111260.656,-0.00,0.00,false,1221,true,true
111281.442,-0.00,0.00,false,1222,true,true
111300.526,-0.00,0.00,false,1223,true,true
111321.41799999999,-0.00,0.00,false,1224,true,true
111340.863,-0.00,0.00,false,1225,true,true
111361.524,-0.00,0.00,false,1226,true,true
111380.794,-0.00,0.00,false,1227,true,true
111400.816,-0.00,0.00,false,1228,true,true
111421.36,-0.00,0.00,false,1229,true,true
111440.383,-0.00,0.00,false,1230,true,true
111461.343,-0.00,0.00,false,1231,true,true
111480.54000000001,-0.00,0.00,false,1232,true,true
111500.908,-0.00,0.00,false,1233,true,true
111521.23400000001,-0.00,0.00,false,1234,true,true
111540.708,-0.00,0.00,false,1235,true,true
111560.79,-0.00,0.00,false,1236,true,true
111581.827,-0.00,0.00,false,1237,true,true
111601.562,-0.00,0.00,false,1238,true,true
111620.962,-0.00,0.00,false,1239,true,true
111641.629,-0.00,0.00,false,1240,true,true
111661.684,-0.00,0.00,false,1241,true,true
111680.81700000001,-0.00,0.00,false,1242,true,true
111701.15800000001,-0.00,0.00,false,1243,true,true
111720.311,-0.00,0.00,false,1244,true,true
111741.17300000001,-0.00,0.00,false,1245,true,true
111760.768,-0.00,0.00,false,1246,true,true
111781.438,-0.00,0.00,false,1247,true,true
111800.59,-0.00,0.00,false,1248,true,true
111821.55,-0.00,0.00,false,1249,true,true
111840.98,-0.00,0.00,false,1250,true,true
111861.08,-0.00,0.00,false,1251,true,true
111880.994,-0.00,0.00,false,1252,true,true
111901.021,-0.00,0.00,false,1253,true,true
111920.855,-0.00,0.00,false,1254,true,true
111941.621,-0.00,0.00,false,1255,true,true
111961.588,-0.00,0.00,false,1256,true,true
111981.088,-0.00,0.00,false,1257,true,true
112001.14,-0.00,0.00,false,1258,true,true
112021.22099999999,-0.00,0.00,false,1259,true,true
112041.169,-0.00,0.00,false,1260,true,true
112060.517,-0.00,0.00,false,1261,true,true
112081.219,-0.00,0.00,false,1262,true,true
112100.852,-0.00,0.00,false,1263,true,true
112121.946,-0.00,0.00,false,1264,true,true
112141.965,-0.00,0.00,false,1265,true,true
112161.489,-0.00,0.00,false,1266,true,true
112180.842,-0.00,0.00,false,1267,true,true
112241.932,-0.00,0.00,false,1268,true,true
112261.68699999999,-0.00,0.00,false,1269,true,true
112281.778,-0.00,0.00,false,1270,true,true
112301.171,-0.00,0.00,false,1271,true,true
112320.523,-0.00,0.00,false,1272,true,true
112340.627,-0.00,0.00,false,1273,true,true
112361.261,-0.00,0.00,false,1274,true,true
112380.438,-0.00,0.00,false,1275,true,true
112400.772,-0.00,0.00,false,1276,true,true
112421.582,-0.00,0.00,false,1277,true,true
112441.69200000001,-0.00,0.00,false,1278,true,true
112461.69399999999,-0.00,0.00,false,1279,true,true
112481.702,-0.00,0.00,false,1280,true,true
112501.607,-0.00,0.00,false,1281,true,true
112521.017,-0.00,0.00,false,1282,true,false
112540.32800000001,-0.00,0.00,false,1283,true,false
112561.292,-0.00,0.00,false,1284,true,false
112580.644,-0.00,0.00,false,1285,true,false
112600.98700000001,-0.00,0.00,false,1286,true,false
112621.646,-0.00,0.00,false,1287,true,false
112641.361,-0.00,0.00,false,1288,true,false
112661.338,-0.00,0.00,false,1289,true,false
112680.409,-0.00,0.00,false,1290,true,false
112700.593,-0.00,0.00,false,1291,true,false
112720.805,-0.00,0.00,false,1292,true,false
112741.727,-0.00,0.00,false,1293,true,false
112761.347,-0.00,0.00,false,1294,true,false
112780.443,-0.00,0.00,false,1295,true,false
112800.826,-0.00,0.00,false,1296,true,false
112821.817,-0.00,0.00,false,1297,true,false
112840.901,-0.00,0.00,false,1298,true,false
112861.256,-0.00,0.00,false,1299,true,false
112880.382,-0.00,0.00,false,1300,true,false
112901.105,-0.00,0.00,false,1301,true,false
112920.95000000001,-0.00,0.00,false,1302,true,false
112941.209,-0.00,0.00,false,1303,true,false
112960.571,-0.00,0.00,false,1304,true,false
112980.97,-0.00,0.00,false,1305,true,false
113001.272,-0.00,0.00,false,1306,true,false
113020.64,-0.00,0.00,false,1307,true,false
113040.866,-0.00,0.00,false,1308,true,false
113061.056,-0.00,0.00,false,1309,true,false
113080.191,-0.00,0.00,false,1310,true,false
113101.241,-0.00,0.00,false,1311,true,false
113120.513,-0.00,0.00,false,1312,true,false
113140.772,-0.00,0.00,false,1313,true,false
113161.43800000001,-0.00,0.00,false,1314,true,false
113181.241,-0.00,0.00,false,1315,true,false
113200.895,-0.00,0.00,false,1316,true,false
113220.958,-0.00,0.00,false,1317,true,false
113241.15500000001,-0.00,0.00,false,1318,true,false
113261.144,-0.00,0.00,false,1319,true,false
113280.403,-0.00,0.00,false,1320,true,false
113300.6,-0.00,0.00,false,1321,true,false
113321.37899999999,-0.00,0.00,false,1322,true,false
113341.046,-0.00,0.00,false,1323,true,false
113360.181,-0.00,0.00,false,1324,true,false
113380.74,-0.00,0.00,false,1325,true,false
113400.77100000001,-0.00,0.00,false,1326,true,false
113421.141,-0.00,0.00,false,1327,true,false
113440.403,-0.00,0.00,false,1328,true,false
113461.077,-0.00,0.00,false,1329,true,false
113480.351,-0.00,0.00,false,1330,true,false
113500.89099999999,-0.00,0.00,false,1331,true,false
113521.382,-0.00,0.00,false,1332,true,false
113540.57,-0.00,0.00,false,1333,true,false
113561.252,-0.00,0.00,false,1334,true,false
113580.434,-0.00,0.00,false,1335,true,false
113601.40800000001,-0.00,0.00,false,1336,true,false
113621.008,-0.00,0.00,false,1337,true,false
113640.953,-0.00,0.00,false,1338,true,false
113661.243,-0.00,0.00,false,1339,true,false
113680.645,-0.00,0.00,false,1340,true,false
113701.474,-0.00,0.00,false,1341,true,false
113721.09,-0.00,0.00,false,1342,true,false
113780.69,-0.00,0.00,false,1343,true,false
113801.569,-0.00,0.00,false,1344,true,false
113820.69799999999,-0.00,0.00,false,1345,true,false
113841.25600000001,-0.00,0.00,false,1346,true,false
113861.296,-0.00,0.00,false,1347,true,false
113880.546,-0.00,0.00,false,1348,true,false
113900.80500000001,-0.00,0.00,false,1349,true,false
113921.48400000001,-0.00,0.00,false,1350,true,false
113941.54299999999,-0.00,0.00,false,1351,true,false
113960.943,-0.00,0.00,false,1352,true,false
113981.713,-0.00,0.00,false,1353,true,false
114001.29699999999,-0.00,0.00,false,1354,true,false
114020.658,-0.00,0.00,false,1355,true,false
114041.078,-0.00,0.00,false,1356,true,false
114061.184,-0.00,0.00,false,1357,true,false
114080.213,-0.00,0.00,false,1358,true,false
114100.588,-0.00,0.00,false,1359,true,false
114121.05099999999,-0.00,0.00,false,1360,true,false
114140.606,-0.00,0.00,false,1361,true,false
114161.546,-0.00,0.00,false,1362,true,false
114181.387,-0.00,0.00,false,1363,true,false
114200.834,-0.00,0.00,false,1364,true,false
114221.853,-0.00,0.00,false,1365,true,false
114241.337,-0.00,0.00,false,1366,true,false
114260.43,-0.00,0.00,false,1367,true,false
114281.182,-0.00,0.00,false,1368,true,false
114300.608,-0.00,0.00,false,1369,true,false
114321.292,-0.00,0.00,false,1370,true,false
114340.696,-0.00,0.00,false,1371,true,false
114360.9,-0.00,0.00,false,1372,true,false
114381.821,-0.00,0.00,false,1373,true,false
114401.771,-0.00,0.00,false,1374,true,false
114420.84,-0.00,0.00,false,1375,true,false
114441.85500000001,-0.00,0.00,false,1376,true,false
114460.959,-0.00,0.00,false,1377,true,false
114481.506,-0.00,0.00,false,1378,true,false
114501.176,-0.00,0.00,false,1379,true,false
114521.018,-0.00,0.00,false,1380,true,false
114540.044,-0.00,0.00,false,1381,true,false
114561.132,-0.00,0.00,false,1382,true,false
114580.68900000001,-0.00,0.00,false,1383,true,false
114600.93000000001,-0.00,0.00,false,1384,true,false
114621.058,-0.00,0.00,false,1385,true,false
114640.815,-0.00,0.00,false,1386,true,false
114661.5,-0.00,0.00,false,1387,true,false
114680.843,-0.00,0.00,false,1388,true,false
114700.99399999999,-0.00,0.00,false,1389,true,false
114721.641,-0.00,0.00,false,1390,true,false
114740.99699999999,-0.00,0.00,false,1391,true,false
114761.03899999999,-0.00,0.00,false,1392,true,false
114780.2,-0.00,0.00,false,1393,true,false
114801.253,-0.00,0.00,false,1394,true,false
114821.17599999999,-0.00,0.00,false,1395,true,false
114841.111,-0.00,0.00,false,1396,true,false
114860.69,-0.00,0.00,false,1397,true,false
114881.202,-0.00,0.00,false,1398,true,false
114900.422,-0.00,0.00,false,1399,true,false
114921.37599999999,-0.00,0.00,false,1400,true,false
114941.13,-0.00,0.00,false,1401,true,false
114961.233,-0.00,0.00,false,1402,true,false
114980.386,-0.00,0.00,false,1403,true,false
115001.20599999999,-0.00,0.00,false,1404,true,false
115020.542,-0.00,0.00,false,1405,true,false
115041.33,-0.00,0.00,false,1406,true,false
115061.267,-0.00,0.00,false,1407,true,false
115120.336,-0.00,0.00,false,1408,true,false
115141.04000000001,-0.00,0.00,false,1409,true,false
115160.323,-0.00,0.00,false,1410,true,false
115181.29999999999,-0.00,0.00,false,1411,true,false
115200.46,-0.00,0.00,false,1412,true,false
115221.402,-0.00,0.00,false,1413,true,false
115241.371,-0.00,0.00,false,1414,true,false
115260.728,-0.00,0.00,false,1415,true,false
115281.266,-0.00,0.00,false,1416,true,false
115300.841,-0.00,0.00,false,1417,true,false
115321.714,-0.00,0.00,false,1418,true,false
115341.679,-0.00,0.00,false,1419,true,false
115361.053,-0.00,0.00,false,1420,true,false
115380.913,-0.00,0.00,false,1421,true,false
115401.103,-0.00,0.00,false,1422,true,false
115420.80900000001,-0.00,0.00,false,1423,true,false
115441.06,-0.00,0.00,false,1424,true,false
115460.418,-0.00,0.00,false,1425,true,false
115480.931,-0.00,0.00,false,1426,true,false
115501.622,-0.00,0.00,false,1427,true,false
115521.529,-0.00,0.00,false,1428,true,false
115540.685,-0.00,0.00,false,1429,true,false
115560.833,-0.00,0.00,false,1430,true,false
115581.19499999999,-0.00,0.00,false,1431,true,false
115600.821,-0.00,0.00,false,1432,true,false
115620.99,-0.00,0.00,false,1433,true,false
115641.475,-0.00,0.00,false,1434,true,false
115660.91500000001,-0.00,0.00,false,1435,true,false
115681.175,-0.00,0.00,false,1436,true,false
115700.50600000001,-0.00,0.00,false,1437,true,false
115721.56099999999,-0.00,0.00,false,1438,true,false
115740.864,-0.00,0.00,false,1439,true,false
115761.23,-0.00,0.00,false,1440,true,false
115780.816,-0.00,0.00,false,1441,true,false
115801.03099999999,-0.00,0.00,false,1442,true,false
115820.244,-0.00,0.00,false,1443,true,false
115841.289,-0.00,0.00,false,1444,true,false
115861.389,-0.00,0.00,false,1445,true,false
115881.20000000001,-0.00,0.00,false,1446,true,false
115900.984,-0.00,0.00,false,1447,true,false
115921.47300000001,-0.00,0.00,false,1448,true,false
115941.025,-0.00,0.00,false,1449,true,false
115960.917,-0.00,0.00,false,1450,true,false
115981.23599999999,-0.00,0.00,false,1451,true,false
116001.03300000001,-0.00,0.00,false,1452,true,false
116021.11200000001,-0.00,0.00,false,1453,true,false
116041.074,-0.00,0.00,false,1454,true,false
116060.337,-0.00,0.00,false,1455,true,false
116080.766,-0.00,0.00,false,1456,true,false
116101.303,-0.00,0.00,false,1457,true,false
116120.946,-0.00,0.00,false,1458,true,false
116140.985,-0.00,0.00,false,1459,true,false
116161.345,-0.00,0.00,false,1460,true,false
116180.954,-0.00,0.00,false,1461,true,false
116201.762,-0.00,0.00,false,1462,true,false
116221.389,-0.00,0.00,false,1463,true,false
116241.338,-0.00,0.00,false,1464,true,true
116260.42099999999,-0.00,0.00,false,1465,true,true
116281.137,-0.00,0.00,false,1466,true,true
116300.443,-0.00,0.00,false,1467,true,true
116321.141,-0.00,0.00,false,1468,true,true
116340.538,-0.00,0.00,false,1469,true,true
116360.989,-0.00,0.00,false,1470,true,true
116381.67599999999,-0.00,0.00,false,1471,true,true
116401.097,-0.00,0.00,false,1472,true,true
116420.156,-0.00,0.00,false,1473,true,true
116441.199,-0.00,0.00,false,1474,true,true
116461.281,-0.00,0.00,false,1475,true,true
116480.801,-0.00,0.00,false,1476,true,true
116500.827,-0.00,0.00,false,1477,true,true
116521.894,-0.00,0.00,false,1478,true,true
116542.132,-0.00,0.00,false,1479,true,true
116560.906,-0.00,0.00,false,1480,true,false
116581.26,-0.00,0.00,false,1481,true,false
116600.679,-0.00,0.00,false,1482,true,false
116661.158,-0.00,0.00,false,1483,true,false
116680.301,-0.00,0.00,false,1484,true,false
116700.32,-0.00,0.00,false,1485,true,false
116721.356,-0.00,0.00,false,1486,true,false
116740.65000000001,-0.00,0.00,false,1487,true,false
116761.02500000001,-0.00,0.00,false,1488,true,false
116780.992,-0.00,0.00,false,1489,true,false
116802.14700000001,-0.00,0.00,false,1490,true,false
116820.773,-0.00,0.00,false,1491,true,false
116841.35,-0.00,0.00,false,1492,true,true
116860.48599999999,-0.00,0.00,false,1493,true,true
116881.06999999999,-0.00,0.00,false,1494,true,true
116901.17,-0.00,0.00,false,1495,true,true
116920.25200000001,-0.00,0.00,false,1496,true,true
116940.677,-0.00,0.00,false,1497,true,true
116961.654,-0.00,0.00,false,1498,true,true
116981.29400000001,-0.00,0.00,false,1499,true,true
117001.0,-0.00,0.00,false,1500,true,true
117021.665,-0.00,0.00,false,1501,true,true
117041.509,-0.00,0.00,false,1502,true,true
117061.112,-0.00,0.00,false,1503,true,true
117081.02100000001,-0.00,0.00,false,1504,true,true
117101.551,-0.00,0.00,false,1505,true,true
117120.932,-0.00,0.00,false,1506,true,true
117141.514,-0.00,0.00,false,1507,true,true
117160.773,-0.00,0.00,false,1508,true,true
117181.125,-0.00,0.00,false,1509,true,true
117200.88699999999,-0.00,0.00,false,1510,true,false
117221.30799999999,-0.00,0.00,false,1511,true,false
117240.959,-0.00,0.00,false,1512,true,false
117261.146,-0.00,0.00,false,1513,true,false
117280.795,-0.00,0.00,false,1514,true,false
117301.32299999999,-0.00,0.00,false,1515,true,false
117321.22200000001,-0.00,0.00,false,1516,true,false
117341.18599999999,-0.00,0.00,false,1517,true,false
117360.766,-0.00,0.00,false,1518,true,false
117381.66,-0.00,0.00,false,1519,true,false
117400.789,-0.00,0.00,false,1520,true,false
117421.258,-0.00,0.00,false,1521,true,true
117441.387,-0.00,0.00,false,1522,true,true
117460.57,-0.00,0.00,false,1523,true,true
117481.434,-0.00,0.00,false,1524,true,true
117501.401,-0.00,0.00,false,1525,true,true
117520.848,-0.00,0.00,false,1526,true,true
117541.644,-0.00,0.00,false,1527,true,true
117561.476,-0.00,0.00,false,1528,true,true
117580.74100000001,-0.00,0.00,false,1529,true,true
117601.34,-0.00,0.00,false,1530,true,true
117620.356,-0.00,0.00,false,1531,true,true
117640.851,-0.00,0.00,false,1532,true,true
117661.32299999999,-0.00,0.00,false,1533,true,true
117680.643,-0.00,0.00,false,1534,true,true
117701.618,-0.00,0.00,false,1535,true,true
117721.607,-0.00,0.00,false,1536,true,true
117741.485,-0.00,0.00,false,1537,true,true
117761.451,-0.00,0.00,false,1538,true,true
117781.473,-0.00,0.00,false,1539,true,true
117800.54800000001,-0.00,0.00,false,1540,true,true
117821.23300000001,-0.00,0.00,false,1541,true,true
117841.18599999999,-0.00,0.00,false,1542,true,false
117860.297,-0.00,0.00,false,1543,true,false
117881.083,-0.00,0.00,false,1544,true,false
117900.941,-0.00,0.00,false,1545,true,false
117920.95999999999,-0.00,0.00,false,1546,true,false
117941.27500000001,-0.00,0.00,false,1547,true,false
117960.903,-0.00,0.00,false,1548,true,false
117980.924,-0.00,0.00,false,1549,true,false
118001.302,-0.00,0.00,false,1550,true,false
118020.692,-0.00,0.00,false,1551,true,false
118081.542,-0.00,0.00,false,1552,true,true
118101.164,-0.00,0.00,false,1553,true,true
118120.791,-0.00,0.00,false,1554,true,true
118141.718,-0.00,0.00,false,1555,true,true
118161.02100000001,-0.00,0.00,false,1556,true,true
118180.262,-0.00,0.00,false,1557,true,true
118200.281,-0.00,0.00,false,1558,true,true
118220.94,-0.00,0.00,false,1559,true,true
118241.422,-0.00,0.00,false,1560,true,true
118261.146,-0.00,0.00,false,1561,true,true
118281.07400000001,-0.00,0.00,false,1562,true,true
118300.68,-0.00,0.00,false,1563,true,true
118320.974,-0.00,0.00,false,1564,true,true
118341.174,-0.00,0.00,false,1565,true,true
118361.121,-0.00,0.00,false,1566,true,true
118380.977,-0.00,0.00,false,1567,true,false
118401.901,-0.00,0.00,false,1568,true,false
118421.79400000001,-0.00,0.00,false,1569,true,false
118441.302,-0.00,0.00,false,1570,true,false
118460.314,-0.00,0.00,false,1571,true,false
118481.054,-0.00,0.00,false,1572,true,false
118500.421,-0.00,0.00,false,1573,true,false
118520.581,-0.00,0.00,false,1574,true,false
118541.325,-0.00,0.00,false,1575,true,false
118560.77500000001,-0.00,0.00,false,1576,true,false
118581.134,-0.00,0.00,false,1577,true,false
118601.04699999999,-0.00,0.00,false,1578,true,false
118620.79400000001,-0.00,0.00,false,1579,true,true
118641.489,-0.00,0.00,false,1580,true,true
118660.928,-0.00,0.00,false,1581,true,true
118681.831,-0.00,0.00,false,1582,true,true
118701.85800000001,-0.00,0.00,false,1583,true,true
118721.182,-0.00,0.00,false,1584,true,true
118740.498,-0.00,0.00,false,1585,true,true
118761.115,-0.00,0.00,false,1586,true,true
118781.04999999999,-0.00,0.00,false,1587,true,true
118800.838,-0.00,0.00,false,1588,true,true
118821.83600000001,-0.00,0.00,false,1589,true,true
118841.805,-0.00,0.00,false,1590,true,true
118861.73999999999,-0.00,0.00,false,1591,true,true
118881.238,-0.00,0.00,false,1592,true,true
118900.30099999999,-0.00,0.00,false,1593,true,true
118920.782,-0.00,0.00,false,1594,true,true
118941.41,-0.00,0.00,false,1595,true,true
118961.108,-0.00,0.00,false,1596,true,true
118980.967,-0.00,0.00,false,1597,true,true
119001.171,-0.00,0.00,false,1598,true,true
119020.482,-0.00,0.00,false,1599,true,true
119040.89,-0.00,0.00,false,1600,true,true
119061.348,-0.00,0.00,false,1601,true,true
119081.291,-0.00,0.00,false,1602,true,true
119100.932,-0.00,0.00,false,1603,true,true
119121.92400000001,-0.00,0.00,false,1604,true,true
119141.076,-0.00,0.00,false,1605,true,true
119161.177,-0.00,0.00,false,1606,true,true
119180.8,-0.00,0.00,false,1607,true,true
119200.915,-0.00,0.00,false,1608,true,true
119221.63,-0.00,0.00,false,1609,true,true
119241.518,-0.00,0.00,false,1610,true,true
119261.496,-0.00,0.00,false,1611,true,true
119281.531,-0.00,0.00,false,1612,true,true
119301.383,-0.00,0.00,false,1613,true,true
119320.663,-0.00,0.00,false,1614,true,true
119341.091,-0.00,0.00,false,1615,true,true
119360.49900000001,-0.00,0.00,false,1616,true,true
119381.43,-0.00,0.00,false,1617,true,true
119401.484,-0.00,0.00,false,1618,true,true
119421.083,-0.00,0.00,false,1619,true,true
119440.231,-0.00,0.00,false,1620,true,true
119460.693,-0.00,0.00,false,1621,true,true
119481.447,-0.00,0.00,false,1622,true,true
119500.495,-0.00,0.00,false,1623,true,true
119520.64199999999,-0.00,0.00,false,1624,true,true
119541.761,-0.00,0.00,false,1625,true,true
119561.47,-0.00,0.00,false,1626,true,false
119601.422,-0.00,0.00,false,1627,true,false
119621.00700000001,-0.00,0.00,false,1628,true,false
119640.954,-0.00,0.00,false,1629,true,false
119661.102,-0.00,0.00,false,1630,true,false
119680.86200000001,-0.00,0.00,false,1631,true,false
119701.56,-0.00,0.00,false,1632,true,false
119721.189,-0.00,0.00,false,1633,true,false
119740.955,-0.00,0.00,false,1634,true,true
119761.675,-0.00,0.00,false,1635,true,true
119781.225,-0.00,0.00,false,1636,true,true
119801.032,-0.00,0.00,false,1637,true,true
119820.784,-0.00,0.00,false,1638,true,true
119841.306,-0.00,0.00,false,1639,true,true
119860.784,-0.00,0.00,false,1640,true,true
119881.58,-0.00,0.00,false,1641,true,true
119900.829,-0.00,0.00,false,1642,true,true
119941.933,-0.00,0.00,false,1643,true,true
119981.937,-0.00,0.00,false,1644,true,false
120001.948,-0.00,0.00,false,1645,true,false
120021.82999999999,-0.00,0.00,false,1646,true,false
120041.06400000001,-0.00,0.00,false,1647,true,false
120060.943,-0.00,0.00,false,1648,true,true
120081.42,-0.00,0.00,false,1649,true,true
120141.157,-0.00,0.00,false,1650,true,true
120161.27,-0.00,0.00,false,1651,true,true
120180.32800000001,-0.00,0.00,false,1652,true,true
120201.15800000001,-0.00,0.00,false,1653,true,true
120220.726,-0.00,0.00,false,1654,true,true
120240.797,-0.00,0.00,false,1655,true,true
120261.421,-0.00,0.00,false,1656,true,true
120280.88200000001,-0.00,0.00,false,1657,true,true
120301.166,-0.00,0.00,false,1658,true,true
120320.47,-0.00,0.00,false,1659,true,true
120340.754,-0.00,0.00,false,1660,true,true
120361.89199999999,-0.00,0.00,false,1661,true,true
120381.90400000001,-0.00,0.00,false,1662,true,true
120401.112,-0.00,0.00,false,1663,true,true
120420.773,-0.00,0.00,false,1664,true,false
120441.41100000001,-0.00,0.00,false,1665,true,false
120461.309,-0.00,0.00,false,1666,true,true
120480.57900000001,-0.00,0.00,false,1667,true,true
120501.303,-0.00,0.00,false,1668,true,true
120520.455,-0.00,0.00,false,1669,true,true
120540.57400000001,-0.00,0.00,false,1670,true,true
120561.466,-0.00,0.00,false,1671,true,true
120580.654,-0.00,0.00,false,1672,true,true
120601.371,-0.00,0.00,false,1673,true,true
120620.92300000001,-0.00,0.00,false,1674,true,true
120641.408,-0.00,0.00,false,1675,true,true
120661.156,-0.00,0.00,false,1676,true,true
120680.413,-0.00,0.00,false,1677,true,true
120700.701,-0.00,0.00,false,1678,true,true
120721.55600000001,-0.00,0.00,false,1679,true,true
120741.28,-0.00,0.00,false,1680,true,false
120760.738,-0.00,0.00,false,1681,true,false
120781.282,-0.00,0.00,false,1682,true,false
120800.352,-0.00,0.00,false,1683,true,false
120821.14300000001,-0.00,0.00,false,1684,true,false
120840.62299999999,-0.00,0.00,false,1685,true,true
120861.161,-0.00,0.00,false,1686,true,true
120880.67700000001,-0.00,0.00,false,1687,true,true
120900.72200000001,-0.00,0.00,false,1688,true,true
120920.852,-0.00,0.00,false,1689,true,true
120941.09400000001,-0.00,0.00,false,1690,true,true
120960.519,-0.00,0.00,false,1691,true,true
120980.857,-0.00,0.00,false,1692,true,true
121001.374,-0.00,0.00,false,1693,true,true
121021.062,-0.00,0.00,false,1694,true,true
121041.00099999999,-0.00,0.00,false,1695,true,true
121081.39,-0.00,0.00,false,1696,true,true
121101.102,-0.00,0.00,false,1697,true,true
121120.672,-0.00,0.00,false,1698,true,true
121141.22899999999,-0.00,0.00,false,1699,true,true
121160.966,-0.00,0.00,false,1700,true,true
121181.607,-0.00,0.00,false,1701,true,true
121201.24,-0.00,0.00,false,1702,true,true
121220.36099999999,-0.00,0.00,false,1703,true,true
121240.57999999999,-0.00,0.00,false,1704,true,true
121261.35100000001,-0.00,0.00,false,1705,true,true
121321.36300000001,-0.00,0.00,false,1706,true,true
121340.521,-0.00,0.00,false,1707,true,true
121361.273,-0.00,0.00,false,1708,true,true
121380.504,-0.00,0.00,false,1709,true,true
121401.056,-0.00,0.00,false,1710,true,true
121420.65,-0.00,0.00,false,1711,true,true
121441.40699999999,-0.00,0.00,false,1712,true,true
121461.24399999999,-0.00,0.00,false,1713,true,true
121481.162,-0.00,0.00,false,1714,true,true
121500.692,-0.00,0.00,false,1715,true,true
121521.101,-0.00,0.00,false,1716,true,true
121540.193,-0.00,0.00,false,1717,true,true
121561.065,-0.00,0.00,false,1718,true,true
121580.519,-0.00,0.00,false,1719,true,true
121601.49900000001,-0.00,0.00,false,1720,true,true
121620.527,-0.00,0.00,false,1721,true,true
121641.472,-0.00,0.00,false,1722,true,true
121660.624,-0.00,0.00,false,1723,true,true
121681.454,-0.00,0.00,false,1724,true,true
121701.52799999999,-0.00,0.00,false,1725,true,true
121721.394,-0.00,0.00,false,1726,true,true
121741.329,-0.00,0.00,false,1727,true,true
121760.443,-0.00,0.00,false,1728,true,true
121781.428,-0.00,0.00,false,1729,true,true
121800.89700000001,-0.00,0.00,false,1730,true,true
121822.082,-0.00,0.00,false,1731,true,true
121840.478,-0.00,0.00,false,1732,true,true
121861.489,-0.00,0.00,false,1733,true,true
121881.272,-0.00,0.00,false,1734,true,true
121900.998,-0.00,0.00,false,1735,true,true
121922.258,-0.00,0.00,false,1736,true,true
121941.068,-0.00,0.00,false,1737,true,true
121960.841,-0.00,0.00,false,1738,true,true
121981.477,-0.00,0.00,false,1739,true,true
122000.545,-0.00,0.00,false,1740,true,true
122020.819,-0.00,0.00,false,1741,true,true
122041.21100000001,-0.00,0.00,false,1742,true,true
122060.792,-0.00,0.00,false,1743,true,true
122081.131,-0.00,0.00,false,1744,true,true
122100.292,-0.00,0.00,false,1745,true,true
122120.605,-0.00,0.00,false,1746,true,true
122141.58899999999,-0.00,0.00,false,1747,true,true
122160.729,-0.00,0.00,false,1748,true,true
122181.788,-0.00,0.00,false,1749,true,true
122201.07400000001,-0.00,0.00,false,1750,true,true
122221.158,-0.00,0.00,false,1751,true,true
122240.804,-0.00,0.00,false,1752,true,true
122261.405,-0.00,0.00,false,1753,true,true
122280.84300000001,-0.00,0.00,false,1754,true,true
122301.205,-0.00,0.00,false,1755,true,true
122320.42300000001,-0.00,0.00,false,1756,true,true
122341.024,-0.00,0.00,false,1757,true,true
122360.132,-0.00,0.00,false,1758,true,true
122380.678,-0.00,0.00,false,1759,true,true
122401.335,-0.00,0.00,false,1760,true,true
122421.34199999999,-0.00,0.00,false,1761,true,true
122480.357,-0.00,0.00,false,1762,true,true
122501.393,-0.00,0.00,false,1763,true,true
122520.48000000001,-0.00,0.00,false,1764,true,true
122540.732,-0.00,0.00,false,1765,true,true
122560.897,-0.00,0.00,false,1766,true,true
122581.187,-0.00,0.00,false,1767,true,true
122600.903,-0.00,0.00,false,1768,true,true
122620.97300000001,-0.00,0.00,false,1769,true,true
122641.13399999999,-0.00,0.00,false,1770,true,true
122660.174,-0.00,0.00,false,1771,true,true
122680.95999999999,-0.00,0.00,false,1772,true,true
122701.466,-0.00,0.00,false,1773,true,true
122721.44900000001,-0.00,0.00,false,1774,true,true
122740.889,-0.00,0.00,false,1775,true,true
122761.398,-0.00,0.00,false,1776,true,true
122780.96800000001,-0.00,0.00,false,1777,true,true
122800.98599999999,-0.00,0.00,false,1778,true,true
122821.867,-0.00,0.00,false,1779,true,true
122841.146,-0.00,0.00,false,1780,true,true
122860.738,-0.00,0.00,false,1781,true,true
122880.993,-0.00,0.00,false,1782,true,true
122901.48000000001,-0.00,0.00,false,1783,true,true
122921.359,-0.00,0.00,false,1784,true,true
122940.883,-0.00,0.00,false,1785,true,true
122961.72799999999,-0.00,0.00,false,1786,true,true
122981.723,-0.00,0.00,false,1787,true,true
123001.242,-0.00,0.00,false,1788,true,true
123021.045,-0.00,0.00,false,1789,true,true
123040.80399999999,-0.00,0.00,false,1790,true,true
123061.524,-0.00,0.00,false,1791,true,true
123101.00300000001,-0.00,0.00,false,1792,true,true
123121.142,-0.00,0.00,false,1793,true,true
123140.32400000001,-0.00,0.00,false,1794,true,true
123161.101,-0.00,0.00,false,1795,true,true
123180.44399999999,-0.00,0.00,false,1796,true,true
123201.255,-0.00,0.00,false,1797,true,true
123220.574,-0.00,0.00,false,1798,true,true
123241.64899999999,-0.00,0.00,false,1799,true,true
123261.636,-0.00,0.00,false,1800,true,true
123281.417,-0.00,0.00,false,1801,true,true
123301.45,-0.00,0.00,false,1802,true,true
123320.795,-0.00,0.00,false,1803,true,true
123341.58200000001,-0.00,0.00,false,1804,true,true
123360.95899999999,-0.00,0.00,false,1805,true,true
123421.68599999999,-0.00,0.00,false,1806,true,true
123440.919,-0.00,0.00,false,1807,true,true
123461.76699999999,-0.00,0.00,false,1808,true,true
123481.712,-0.00,0.00,false,1809,true,true
123500.83200000001,-0.00,0.00,false,1810,true,true
123521.091,-0.00,0.00,false,1811,true,true
123540.142,-0.00,0.00,false,1812,true,true
123561.18,-0.00,0.00,false,1813,true,true
123580.45599999999,-0.00,0.00,false,1814,true,true
123601.01000000001,-0.00,0.00,false,1815,true,true
123620.289,-0.00,0.00,false,1816,true,true
123640.31,-0.00,0.00,false,1817,true,true
123660.878,-0.00,0.00,false,1818,true,true
123680.927,-0.00,0.00,false,1819,true,true
123701.978,-0.00,0.00,false,1820,true,true
123721.092,-0.00,0.00,false,1821,true,true
123741.039,-0.00,0.00,false,1822,true,true
123761.125,-0.00,0.00,false,1823,true,true
123781.02900000001,-0.00,0.00,false,1824,true,true
123800.992,-0.00,0.00,false,1825,true,true
123822.096,-0.00,0.00,false,1826,true,true
123841.11,-0.00,0.00,false,1827,true,true
123860.898,-0.00,0.00,false,1828,true,true
123881.562,-0.00,0.00,false,1829,true,true
123901.499,-0.00,0.00,false,1830,true,true
123921.231,-0.00,0.00,false,1831,true,true
123940.845,-0.00,0.00,false,1832,true,true
123961.732,-0.00,0.00,false,1833,true,true
123981.605,-0.00,0.00,false,1834,true,true
124001.433,-0.00,0.00,false,1835,true,true
124021.33899999999,-0.00,0.00,false,1836,true,true
124040.492,-0.00,0.00,false,1837,true,true
124060.68500000001,-0.00,0.00,false,1838,true,true
124121.146,-0.00,0.00,false,1839,true,true
124140.613,-0.00,0.00,false,1840,true,true
124161.39,-0.00,0.00,false,1841,true,true
124181.12299999999,-0.00,0.00,false,1842,true,true
124200.924,-0.00,0.00,false,1843,true,true
124221.27100000001,-0.00,0.00,false,1844,true,true
124240.421,-0.00,0.00,false,1845,true,true
124260.903,-0.00,0.00,false,1846,true,true
124281.48,-0.00,0.00,false,1847,true,true
124301.227,-0.00,0.00,false,1848,true,true
124320.454,-0.00,0.00,false,1849,true,true
124341.166,-0.00,0.00,false,1850,true,true
124363.366,-0.00,0.00,false,1851,true,true
124381.10399999999,-0.00,0.00,false,1852,true,true
124400.57400000001,-0.00,0.00,false,1853,true,true
124421.081,-0.00,0.00,false,1854,true,true
124440.124,-0.00,0.00,false,1855,true,true
124460.161,-0.00,0.00,false,1856,true,true
124480.82100000001,-0.00,0.00,false,1857,true,true
124500.91100000001,-0.00,0.00,false,1858,true,true
124521.913,-0.00,0.00,false,1859,true,true
124541.899,-0.00,0.00,false,1860,true,true
124561.057,-0.00,0.00,false,1861,true,true
124580.174,-0.00,0.00,false,1862,true,true
124600.72200000001,-0.00,0.00,false,1863,true,true
124620.767,-0.00,0.00,false,1864,true,true
124641.73,-0.00,0.00,false,1865,true,true
124660.887,-0.00,0.00,false,1866,true,true
124680.96699999999,-0.00,0.00,false,1867,true,true
124701.09,-0.00,0.00,false,1868,true,true
124760.886,-0.00,0.00,false,1869,true,true
124781.33,-0.00,0.00,false,1870,true,true
124800.713,-0.00,0.00,false,1871,true,true
124821.079,-0.00,0.00,false,1872,true,true
124840.492,-0.00,0.00,false,1873,true,true
124860.787,-0.00,0.00,false,1874,true,true
124881.871,-0.00,0.00,false,1875,true,true
124901.246,-0.00,0.00,false,1876,true,true
124920.277,-0.00,0.00,false,1877,true,true
124940.87000000001,-0.00,0.00,false,1878,true,true
124960.936,-0.00,0.00,false,1879,true,true
124981.508,-0.00,0.00,false,1880,true,true
125000.52100000001,-0.00,0.00,false,1881,true,true
125020.864,-0.00,0.00,false,1882,true,true
125041.079,-0.00,0.00,false,1883,true,true
125060.213,-0.00,0.00,false,1884,true,true
125080.493,-0.00,0.00,false,1885,true,true
125101.589,-0.00,0.00,false,1886,true,true
125121.617,-0.00,0.00,false,1887,true,true
125140.77100000001,-0.00,0.00,false,1888,true,true
125161.507,-0.00,0.00,false,1889,true,true
125180.976,-0.00,0.00,false,1890,true,true
125201.30500000001,-0.00,0.00,false,1891,true,true
125221.415,-0.00,0.00,false,1892,true,true
125240.971,-0.00,0.00,false,1893,true,true
125261.443,-0.00,0.00,false,1894,true,true
125280.61200000001,-0.00,0.00,false,1895,true,true
125301.29800000001,-0.00,0.00,false,1896,true,true
125321.317,-0.00,0.00,false,1897,true,true
125341.356,-0.00,0.00,false,1898,true,true
125401.045,-0.00,0.00,false,1899,true,true
125420.884,-0.00,0.00,false,1900,true,true
125441.21699999999,-0.00,0.00,false,1901,true,true
125461.07,-0.00,0.00,false,1902,true,true
125481.177,-0.00,0.00,false,1903,true,true
125500.74600000001,-0.00,0.00,false,1904,true,true
125521.448,-0.00,0.00,false,1905,true,true
125540.907,-0.00,0.00,false,1906,true,true
125561.672,-0.00,0.00,false,1907,true,true
125581.037,-0.00,0.00,false,1908,true,true
125600.67,-0.00,0.00,false,1909,true,true
125621.01199999999,-0.00,0.00,false,1910,true,true
125640.25,-0.00,0.00,false,1911,true,true
125660.33,-0.00,0.00,false,1912,true,true
125681.238,-0.00,0.00,false,1913,true,true
125701.172,-0.00,0.00,false,1914,true,true
125720.566,-0.00,0.00,false,1915,true,true
125740.726,-0.00,0.00,false,1916,true,true
125761.51699999999,-0.00,0.00,false,1917,true,true
125781.295,-0.00,0.00,false,1918,true,true
125800.438,-0.00,0.00,false,1919,true,true
125821.135,-0.00,0.00,false,1920,true,true
125841.23300000001,-0.00,0.00,false,1921,true,true
125861.328,-0.00,0.00,false,1922,true,true
125880.472,-0.00,0.00,false,1923,true,true
125901.52100000001,-0.00,0.00,false,1924,true,true
125921.45700000001,-0.00,0.00,false,1925,true,true
125941.005,-0.00,0.00,false,1926,true,true
125961.751,-0.00,0.00,false,1927,true,true
125980.803,-0.00,0.00,false,1928,true,true
126001.754,-0.00,0.00,false,1929,true,true
126021.292,-0.00,0.00,false,1930,true,true
126080.41,-0.00,0.00,false,1931,true,true
126101.32400000001,-0.00,0.00,false,1932,true,true
126120.662,-0.00,0.00,false,1933,true,true
126141.295,-0.00,0.00,false,1934,true,true
126161.366,-0.00,0.00,false,1935,true,true
126180.78,-0.00,0.00,false,1936,true,true
126201.795,-0.00,0.00,false,1937,true,true
126221.391,-0.00,0.00,false,1938,true,true
126241.21100000001,-0.00,0.00,false,1939,true,true
126260.953,-0.00,0.00,false,1940,true,true
126282.029,-0.00,0.00,false,1941,true,true
126301.35,-0.00,0.00,false,1942,true,true
126320.717,-0.00,0.00,false,1943,true,true
126340.917,-0.00,0.00,false,1944,true,true
126362.072,-0.00,0.00,false,1945,true,true
126380.88799999999,-0.00,0.00,false,1946,true,true
126401.546,-0.00,0.00,false,1947,true,true
126421.164,-0.00,0.00,false,1948,true,true
126441.046,-0.00,0.00,false,1949,true,true
126460.24699999999,-0.00,0.00,false,1950,false,true
126480.861,-0.00,0.00,false,1951,false,true
126501.455,-0.00,0.00,false,1952,false,true
126521.181,-0.00,0.00,false,1953,false,true
126540.534,-0.00,0.00,false,1954,false,true
126560.983,-0.00,0.00,false,1955,false,true
126581.523,-0.00,0.00,false,1956,false,true
126600.825,-0.00,0.00,false,1957,false,true
126621.77200000001,-0.00,0.00,false,1958,false,true
126641.72899999999,-0.00,0.00,false,1959,false,true
126660.925,-0.00,0.00,false,1960,false,true
126681.033,-0.00,0.00,false,1961,false,true
126701.141,-0.00,0.00,false,1962,false,true
126720.235,-0.00,0.00,false,1963,false,true
126740.807,-0.00,0.00,false,1964,false,true
126761.697,-0.00,0.00,false,1965,false,true
126781.592,-0.00,0.00,false,1966,false,true
126801.654,-0.00,0.00,false,1967,false,true
126821.71800000001,-0.00,0.00,false,1968,false,true
126841.44600000001,-0.00,0.00,false,1969,false,true
126901.336,-0.00,0.00,false,1970,false,true
126920.852,-0.00,0.00,false,1971,false,true
126941.929,-0.00,0.00,false,1972,false,true
126961.104,-0.00,0.00,false,1973,false,true
126981.19099999999,-0.00,0.00,false,1974,false,true
127000.273,-0.00,0.00,false,1975,false,true
127021.203,-0.00,0.00,false,1976,false,true
127040.485,-0.00,0.00,false,1977,false,true
127060.938,-0.00,0.00,false,1978,false,true
127081.231,-0.00,0.00,false,1979,false,true
127101.32400000001,-0.00,0.00,false,1980,false,true
127120.751,-0.00,0.00,false,1981,false,true
127141.39199999999,-0.00,0.00,false,1982,false,true
127160.89,-0.00,0.00,false,1983,false,true
127181.883,-0.00,0.00,false,1984,false,true
127201.693,-0.00,0.00,false,1985,false,true
127221.671,-0.00,0.00,false,1986,false,true
127241.36799999999,-0.00,0.00,false,1987,false,true
127260.71399999999,-0.00,0.00,false,1988,false,true
127281.038,-0.00,0.00,false,1989,false,true
127300.185,-0.00,0.00,false,1990,false,true
127320.572,-0.00,0.00,false,1991,false,true
127341.752,-0.00,0.00,false,1992,false,true
127361.187,-0.00,0.00,false,1993,false,true
127380.79500000001,-0.00,0.00,false,1994,false,true
127401.023,-0.00,0.00,false,1995,false,true
127440.926,-0.00,0.00,false,1996,false,true
127461.57800000001,-0.00,0.00,false,1997,false,true
127481.326,-0.00,0.00,false,1998,false,true
127501.29800000001,-0.00,0.00,false,1999,false,true
127520.943,-0.00,0.00,false,2000,false,true
127542.06700000001,-0.00,0.00,false,2001,true,true
127560.494,-0.00,0.00,false,2002,true,true
127580.93599999999,-0.00,0.00,false,2003,true,true
127641.036,-0.00,0.00,false,2004,true,true
127660.65000000001,-0.00,0.00,false,2005,true,true
127681.53700000001,-0.00,0.00,false,2006,false,true
127701.16799999999,-0.00,0.00,false,2007,false,true
127720.663,-0.00,0.00,false,2008,false,true
127741.266,-0.00,0.00,false,2009,false,true
127761.026,-0.00,0.00,false,2010,false,true
127780.26800000001,-0.00,0.00,false,2011,false,true
127801.33499999999,-0.00,0.00,false,2012,false,true
127821.197,-0.00,0.00,false,2013,false,true
127840.422,-0.00,0.00,false,2014,false,true
127860.561,-0.00,0.00,false,2015,false,true
127880.692,-0.00,0.00,false,2016,false,true
127901.625,-0.00,0.00,false,2017,false,true
127920.952,-0.00,0.00,false,2018,true,true
127941.292,-0.00,0.00,false,2019,true,true
127960.371,-0.00,0.00,false,2020,true,true
127981.201,-0.00,0.00,false,2021,true,true
128000.226,-0.00,0.00,false,2022,true,true
128020.37899999999,-0.00,0.00,false,2023,true,true
128040.852,-0.00,0.00,false,2024,true,true
128061.587,-0.00,0.00,false,2025,false,true
128081.26699999999,-0.00,0.00,false,2026,false,true
128100.45700000001,-0.00,0.00,false,2027,false,true
128121.117,-0.00,0.00,false,2028,false,true
128140.937,-0.00,0.00,false,2029,false,true
128161.473,-0.00,0.00,false,2030,false,true
128181.166,-0.00,0.00,false,2031,false,true
128201.16100000001,-0.00,0.00,false,2032,false,true
128221.21,-0.00,0.00,false,2033,false,true
128241.25900000002,-0.00,0.00,false,2034,false,true
128260.94399999999,-0.00,0.00,false,2035,false,true
128281.034,-0.00,0.00,false,2036,false,true
128300.197,-0.00,0.00,false,2037,false,true
128360.75600000001,-0.00,0.00,false,2038,false,true
128381.04699999999,-0.00,0.00,false,2039,true,true
128400.98499999999,-0.00,0.00,false,2040,true,true
128421.166,-0.00,0.00,false,2041,true,true
128440.779,-0.00,0.00,false,2042,true,true
128460.97499999999,-0.00,0.00,false,2043,true,true
128481.77200000001,-0.00,0.00,false,2044,false,true
128501.11999999998,-0.00,0.00,false,2045,false,true
128520.68499999998,-0.00,0.00,false,2046,false,true
128540.892,-0.00,0.00,false,2047,false,true
128561.15800000001,-0.00,0.00,false,2048,false,true
128581.13700000002,-0.00,0.00,false,2049,false,true
128600.98,-0.00,0.00,false,2050,false,true
128622.096,-0.00,0.00,false,2051,false,true
128640.422,-0.00,0.00,false,2052,false,true
128661.529,-0.00,0.00,false,2053,false,true
128680.551,-0.00,0.00,false,2054,false,true
128701.017,-0.00,0.00,false,2055,false,true
128720.32400000001,-0.00,0.00,false,2056,false,true
128741.035,-0.00,0.00,false,2057,false,true
128761.032,-0.00,0.00,false,2058,false,true
128780.78,-0.00,0.00,false,2059,true,true
128801.506,-0.00,0.00,false,2060,true,true
128820.867,-0.00,0.00,false,2061,true,true
128841.636,-0.00,0.00,false,2062,true,true
128861.379,-0.00,0.00,false,2063,true,true
128880.505,-0.00,0.00,false,2064,true,true
128900.54699999999,-0.00,0.00,false,2065,false,true
128921.15999999999,-0.00,0.00,false,2066,false,true
128940.30699999999,-0.00,0.00,false,2067,false,true
128961.06499999999,-0.00,0.00,false,2068,false,true
128981.31599999999,-0.00,0.00,false,2069,false,true
129041.37600000002,-0.00,0.00,false,2070,false,true
129060.969,-0.00,0.00,false,2071,false,true
129081.671,-0.00,0.00,false,2072,false,true
129101.53399999999,-0.00,0.00,false,2073,false,true
129120.91699999999,-0.00,0.00,false,2074,false,true
129140.97499999999,-0.00,0.00,false,2075,false,true
129162.06,-0.00,0.00,false,2076,false,true
129180.68400000001,-0.00,0.00,false,2077,false,true
129201.33899999999,-0.00,0.00,false,2078,false,true
129221.168,-0.00,0.00,false,2079,false,true
129240.91999999998,-0.00,0.00,false,2080,false,true
129261.05799999999,-0.00,0.00,false,2081,false,true
129280.18599999999,-0.00,0.00,false,2082,false,true
129300.23199999999,-0.00,0.00,false,2083,false,true
129321.144,-0.00,0.00,false,2084,false,true
129340.31899999999,-0.00,0.00,false,2085,false,true
129361.25200000001,-0.00,0.00,false,2086,false,true
129380.35500000001,-0.00,0.00,false,2087,false,true
129400.519,-0.00,0.00,false,2088,false,true
129421.41,-0.00,0.00,false,2089,false,true
129441.21699999999,-0.00,0.00,false,2090,false,true
129460.948,-0.00,0.00,false,2091,false,true
129481.28399999999,-0.00,0.00,false,2092,true,true
129501.09599999999,-0.00,0.00,false,2093,true,true
129520.229,-0.00,0.00,false,2094,true,true
129540.597,-0.00,0.00,false,2095,true,true
129560.969,-0.00,0.00,false,2096,true,true
129581.829,-0.00,0.00,false,2097,true,true
129601.43299999999,-0.00,0.00,false,2098,false,true
129621.553,-0.00,0.00,false,2099,false,true
129640.87900000002,-0.00,0.00,false,2100,false,true
129661.303,-0.00,0.00,false,2101,false,true
129721.025,-0.00,0.00,false,2102,false,true
129740.17699999998,-0.00,0.00,false,2103,false,true
129760.688,-0.00,0.00,false,2104,false,true
129781.115,-0.00,0.00,false,2105,true,true
129800.54699999999,-0.00,0.00,false,2106,true,true
129821.73,-0.00,0.00,false,2107,true,true
129841.006,-0.00,0.00,false,2108,true,true
129861.853,-0.00,0.00,false,2109,true,true
129881.66200000001,-0.00,0.00,false,2110,true,true
129901.24900000001,-0.00,0.00,false,2111,true,true
129921.322,-0.00,0.00,false,2112,true,true
129940.55099999999,-0.00,0.00,false,2113,true,true
129961.16900000001,-0.00,0.00,false,2114,true,true
129980.53100000002,-0.00,0.00,false,2115,true,true
130001.04200000002,-0.00,0.00,false,2116,true,true
130020.85199999998,-0.00,0.00,false,2117,true,true
130041.87400000001,-0.00,0.00,false,2118,true,true
130061.828,-0.00,0.00,false,2119,true,true
130081.917,-0.00,0.00,false,2120,true,true
130101.56000000001,-0.00,0.00,false,2121,true,true
130120.58600000001,-0.00,0.00,false,2122,true,true
130141.257,-0.00,0.00,false,2123,true,true
130160.73800000001,-0.00,0.00,false,2124,true,true
130180.94099999999,-0.00,0.00,false,2125,true,true
130201.44300000001,-0.00,0.00,false,2126,true,true
130220.48000000001,-0.00,0.00,false,2127,true,true
130241.411,-0.00,0.00,false,2128,true,true
130260.782,-0.00,0.00,false,2129,true,true
130281.204,-0.00,0.00,false,2130,true,true
130300.22399999999,-0.00,0.00,false,2131,true,true
130321.08600000001,-0.00,0.00,false,2132,true,true
130340.486,-0.00,0.00,false,2133,true,true
130401.40500000001,-0.00,0.00,false,2134,true,true
130440.90800000001,-0.00,0.00,false,2135,true,true
130461.174,-0.00,0.00,false,2136,true,true
130480.20500000002,-0.00,0.00,false,2137,true,true
130501.116,-0.00,0.00,false,2138,true,true
130520.89899999999,-0.00,0.00,false,2139,true,true
130541.306,-0.00,0.00,false,2140,true,true
130560.692,-0.00,0.00,false,2141,true,true
130580.87599999999,-0.00,0.00,false,2142,true,true
130601.79299999999,-0.00,0.00,false,2143,true,true
130621.464,-0.00,0.00,false,2144,true,true
130641.005,-0.00,0.00,false,2145,true,true
130661.858,-0.00,0.00,false,2146,true,true
130680.905,-0.00,0.00,false,2147,true,true
130701.258,-0.00,0.00,false,2148,true,true
130720.71399999999,-0.00,0.00,false,2149,true,true
130740.84099999999,-0.00,0.00,false,2150,true,true
130761.47399999999,-0.00,0.00,false,2151,true,true
130780.899,-0.00,0.00,false,2152,true,true
130801.56400000001,-0.00,0.00,false,2153,true,true
130821.037,-0.00,0.00,false,2154,true,true
130840.70199999999,-0.00,0.00,false,2155,true,true
130861.12299999999,-0.00,0.00,false,2156,true,true
130881.19900000001,-0.00,0.00,false,2157,true,true
130901.129,-0.00,0.00,false,2158,true,true
130920.691,-0.00,0.00,false,2159,true,true
130941.32999999999,-0.00,0.00,false,2160,true,true
130961.23700000001,-0.00,0.00,false,2161,true,true
130981.02900000001,-0.00,0.00,false,2162,true,true
131000.84599999999,-0.00,0.00,false,2163,true,true
131061.16700000002,-0.00,0.00,false,2164,true,true
131080.569,-0.00,0.00,false,2165,true,true
131100.65,-0.00,0.00,false,2166,true,true
131120.929,-0.00,0.00,false,2167,true,true
131141.862,-0.00,0.00,false,2168,true,true
131161.60400000002,-0.00,0.00,false,2169,true,true
131181.291,-0.00,0.00,false,2170,true,true
131201.233,-0.00,0.00,false,2171,true,true
131220.989,-0.00,0.00,false,2172,true,true
131241.00699999998,-0.00,0.00,false,2173,true,true
131260.22,-0.00,0.00,false,2174,true,true
131280.476,-0.00,0.00,false,2175,true,true
131300.858,-0.00,0.00,false,2176,true,true
131321.023,-0.00,0.00,false,2177,true,true
131340.94999999998,-0.00,0.00,false,2178,true,true
131361.517,-0.00,0.00,false,2179,true,true
131381.463,-0.00,0.00,false,2180,true,true
131400.523,-0.00,0.00,false,2181,true,true
131421.427,-0.00,0.00,false,2182,true,true
131441.16700000002,-0.00,0.00,false,2183,true,true
131461.009,-0.00,0.00,false,2184,true,true
131480.53,-0.00,0.00,false,2185,true,true
131501.591,-0.00,0.00,false,2186,true,true
131521.482,-0.00,0.00,false,2187,true,true
131560.84000000003,-0.00,0.00,false,2188,true,true
131581.305,-0.00,0.00,false,2189,true,true
131600.43099999998,-0.00,0.00,false,2190,true,true
131620.552,-0.00,0.00,false,2191,true,true
131641.105,-0.00,0.00,false,2192,true,true
131660.5,-0.00,0.00,false,2193,true,true
131721.09100000001,-0.00,0.00,false,2194,true,false
131741.11099999998,-0.00,0.00,false,2195,true,false
131760.84399999998,-0.00,0.00,false,2196,true,false
131781.237,-0.00,0.00,false,2197,true,false
131801.35100000002,-0.00,0.00,false,2198,true,false
131820.565,-0.00,0.00,false,2199,true,false
131840.934,-0.00,0.00,false,2200,true,false
131861.807,-0.00,0.00,false,2201,true,true
131901.255,-0.00,0.00,false,2202,true,true
131921.091,-0.00,0.00,false,2203,true,true
131940.859,-0.00,0.00,false,2204,true,true
